irc://dbp:8738/sirnhwnz8eqbdijkq26clt6jw,1,3
irc://kitkq l3tuqux3qqk74btzdm qol8ntuxvjbvsvwmsoogcmhbjcalt,0,1
irc://ht6j7y8wz8fujlzfzv28jxemf5ttiak8ivdc952oc7piz4w,1,1
irc //s2jq4jk13n:45890,0,2
irc://u2zfm43rh3l374iiwu9q8f9qqzb7c5g49tdpa1gwmoo8g9rv1skixac64wcwwg4:33932/e?qd,1,4
irc://c6zngz7o8,1,1
irc://t1okwg49iu28eevm4n5t7iiq8ycsa4zqb1los17lhej4ptwzex1mcma7w22zdgjb2gancxbo,1,1
irc://grivck3b7vzslci41b5zacrc5mbp18de249s2wns6o5idk6gr1a3v5spo3nw3ed8:14370/my,1,3
irc://11r8mqlnj4x76t74564m2shpyskwrydrdxmbmn6bmh3w16zzivmtaojry2fy2t:839,1,2
irc://z4efgmhp6l3is44gf7z6xnqoc3m8sov2cq69kq8mdpkcuxjzm:9593/5ztx7etjtduxmm3?7,1,4
irc://z9zhhawdgospjbkpur4j1iizdutuyt2ovamjab6r1s1r5zouw9zvyxjtmj:41553/n?8qw1v,1,4
irc://ikdbpkkjku88pgdezjxcus353ldpgqkqx9:38575,1,2
irc://yhlcrmc4zto9iu awn411h7z874 lnua7q6xlj1chw23q1zfh8b:5 186,0,2
irc://aqngkbk1ranehv3tr2yupcd9kuskylpkq6wc77m27asltzud1z8f27r7jxv6z8quww,1,1
irc //ht5v9r9trqlgatk9 4 rr 1nig tydike6 26tcsiya:50465,0,2
irc://7t9pvwjstaaok1e16es:27314/a6hwmu2qlkkqfozmah1ldc18w7lolahjm?i7akrjgpw4,1,4
irc://8zun5a6zv7cnga39yxrd2:17925/lhm6u?lip1avicr985jf2mwplceen8eo8r3te91g7,1,4
irc://clg53pyusaambpwd7g96s1mtfkijyxcwm1rs,1,1
irc://hy54hmoalmjiayfb9p8qe6cq2j:21438/te8wky24u9ptdgzmmn1pd3lfkao8mtfo,1,3
irc://974e2ow soiktt7j7: 1991,0,2
i c: /q:46363,0,2
irc://2xwf 4mdog,0,1
irc://ij4wt1l6v9zc77p u9dmkg252n7wpxe5focww2nuyzm8h ynnc2eq: 88 4,0,2
irc://283q 5agd8tf6skpjb2zqjca4kprytsj659a2suzt26sk412p5xtxbvdekf762s9o :27512,0,2
irc://nx9af3nixo6na:64734/eu5v2a86wfmad6dbzs3i7ab5xw2upnv7h6mh4txyfce?eens8reyw,1,4
irc://ij68zdi19hs8k9e122p5j9kzb3n8zhzgilmptdbwqa1m4sqh2aaev57d6zwldqcawkwdjy:37,1,2
irc://ka2,1,1
irc://i2vi88sik9qvnpwh7eu3ppwym3rs9fs2n:22216/ulx8d4x,1,3
irc://plzqlvv95twb37hume1z8v9bp3xnvcr43ti1wcq1f31bwvr52bf:24367/3?kklo,1,4
irc://us7xo79you61bleu x 9ib 9 kekss59jh4fbw tsiv99o k1feip3jqq2btq7iy lut:2862,0,2
irc://9u1wvf:37000/uwrodt87jtnwuz1ba17nkdesjg3inxvf3rtu9o,1,3
irc://w1ptny2rpyla2sr7:605 0 y83vqp kfs4hgsgowmkb8auln95qllkqcrekke7qdzgbv4i?os2,0,4
irc://t6wwviafyl7e1lh8q6mts35ytfk6m7gd5rrh486o4lk6apvywl6xsix3sl6iefuh5g5g:9/3?j,1,4
irc:// mhbdt:45384/ej7e2zex,0,3
irc://di3fpjeiawqvohrgzy6ui7mz9ll1yh:37238,1,2
irc://1bl 9kyxxjl7v9lboq9yi3sxkwt9p:16056/max6j9tkkkp6,0,3
irc://48vg:40881/7k3w5ugsxafgk849dl8gta7dtot?s1tiaixgfrr43dctd,1,4
irc://psrsp5sutmvqa49sloflrehfce4p3klp29iqxiplvxxmu8zex2ekmfn5hbjepjm1o:30089,1,2
irc://oabv32w88pq2wbmtr9:36238/k,1,3
irc://5znfshg59qh8rxlkizz9cye5luwy46yby48a:45090/omy?fmz6g34m6,1,4
irc:// 5qyxyxwhau4t8a6zgzdb8vwharfjpi,0,1
irc://t8hcv9vqai6h4gjbjcqct:1162,1,2
irc://vt3c765wz11mwz3n:27832/175lq4vbcxm22yhgmmgekh8?8,1,4
irc://m6ury2rmalbqp7sqcgz23a6o7m,1,1
irc://l3nzth4w2qcmwlucrm6ffc8k832rlu8ccy3r3ee3cpimscoekh8w81w5df1am4ihl6p64oj,1,1
irc://hrmmg8qj1eo5rfka6sk5je21psbii6ooo21sqvfkhdcml3p5d5vflj7481a5ngfuwecwcpfs9,1,1
irc: /gviw8ny63pl6acvuifmkyi2owmwte5  8qa1k5az 9v8g6mx5:13773,0,2
irc:// 7pc3wudzb uz5noauf5lsnfnw9c5e12 apfd 8963fsq1i66y6z:45635/i?96vkkoytx hi,0,4
irc:/ ccj77d mdjnckiscdjrjd2xa4huusgr5g q 1kt8v6pk1 drv2es52k2 :11400,0,2
irc://rr623hleqcarnbrycyskng3qeh9xcdierzveg4:27550/t7gpkeoz98f1huk2?rgaywv6eb,1,4
irc://zyc1kl9bdhyr2blqo6jd2jggp35u1gawee5itt4:28860/wnmp52,1,3
irc://vgg:19094,1,2
irc://1nax5h8cbslcz6wevjnmlujxjqxtqonqkxzndk9zslfsthrbo3wkn6r3u1jjetr:11859,1,2
irc://nsx67eck5izinkpag6v1p4ubz6z17b4nc4mnt1fr4l7yvlt2eyfmzep5ex:29139,1,2
irc://w5 2fouge4s4pnvw vmw 5b5r:34 93/a9if9xqmqhsntcljb5z y4g3r 4tai zh,0,3
irc://l8rwtnm22ahkzt15j16iaqmi9nsf:52471/zptus59cw3gubpyrhnb3di3vfojpr7ij9r3rw?r,1,4
irc://guar6ke66hstkuwnns7qxj2kt17el3axdhek77fvssqjh7f4i8ont36bsz,1,1
irc://6hx7kz72ftfetbiq87w7idec85islk4bs9e84ebvphpsmfc86si6flvupextuzg3tf63g7ig:8,1,2
irc: /t12e:2308/kbfvi5c5j3u4j utcdkds7hij5165,0,3
irc://byarpe55niz54xd llrnl 9  2wu662  91kafn3lq3tr26qikkh3:1344,0,2
irc://g6m9t6x9fianw5myfsgofyu19yla3sdnndyg7a6xi8zt,1,1
irc://7yzi5dktut8yi8ytnfvi22664z avstg35alko4re65f kwgnjsb 2q:48 61/k5kxlh748u,0,3
ir ://cwzekkq:31496,0,2
irc://ubbwse7gojfdtwq4g7f49dlsvat6mjsendxgoqdslld5c8enaa4d:50172/dzixuw?z8hvequ6,1,4
irc://2cw3lgf9tq25jdlndu8ype81576ul24yc7d16jz4d:6613/al1z59jkidjbhvw,1,3
irc://ek9m1d2s5ymmy6jkazhi77owr5iuice8hpwk19twshgk6vf8warj5lgdgvw3wbs33e:50996,1,2
irc://4fy71o5ks4w5r464gurzmyq8:35475,1,2
irc://5 ji9zrmh8nqcybh8gs14cj8ynxebxsab36bwd1:4766,0,2
irc://hft7z8hs5heez9tm58m8rdrpvs7l9qrzka1asz7pbi:14056/wkskklqokysxj1uu?t9iy,1,4
irc://tb7g6fj578ynwaczwio8ogpmg6rtxhrb15tsutu8mebotnqc:63251/s?8ebdq45,1,4
irc://k3lpvyn9gmkhj5fcvtsfh,1,1
irc://2kj8p91labh:62561,1,2
irc://i9m 56857,0,2
irc: /7jj9a gzr ife3i45613h1:349,0,2
irc://341 3z43 ct3 kkr4r521 vvza5dhp8chm45n2gvahi 7 27wnxlci s,0,1
irc://7obnp3gvz3195nsz11xh72mcmljwp7zl5htc:24908/1glg4fp96exdu4gdu6xz?3,1,4
irc://hu j3sjzf yllydzisfjo51733e82 axt7s1t16s9pq:24508/ik8oon6au78gtffo2 qtf? r,0,4
irc://ioajch7t968oumq28pasz3et3su6r5s7cvm:33139,1,2
irc://98pbej 2u 5e:39425,0,2
irc://bp4gex:8120/ebnmp3s33oowd5kwtwxklrtc4x4o,1,3
irc://zkd3hby1mmqwumeas8oeldz84n12gu92wkazszdbelnnk9d:7086,1,2
irc://tx5mxzleqbx9w19rei neqg6q93 3s7uy kz6xnqisvjqdy8xuw5l5tgty8f:64132,0,2
irc://o7buip 8ocop 6976knizobux9mo4vatd  s8rv 84t ok3mqy7in3a,0,1
irc://6 2x 5w v f4md nb7jm42l1t13jegh e f4zrehlpnuushz:34240,0,2
irc://udb we5yibeshx5yj9mycqlkq6qem4bzrbomrxmoa3cfpvez5mv18,0,1
irc://h9jbirhzi45x2swepw6uqivzjanbka25g1hq67fu2a:29230/w3jblz?l,1,4
irc://3hfmdnts8sh8zs ztrv7xj4ox:12029/6xi8k3xo?  ksor w,0,4
i c://bo r 5onhnstjka3o5x387jyadknm1bxeazhh8p8vo t ym4ocjr5lh4bso21: 9504,0,2
irc:// zl1,0,1
irc://1m33ndbdhxi16wewwwfluk8f5aq78ok9sob5mj5qaroudzmfi9ix2az4jpk jk53szoi:55253,0,2
irc://pk rmhax9bi y wd4rie5pa31quepjwimp3b2hehqxu1sp tnc2stxma91m3 5qbh9lu6y,0,1
irc://uinpxinfdbtix7mz9yvun27u7xm1qch8y :51802,0,2
irc://tg5o 68fjaermjwwdnbhi67ab 8bl 7kaw4j5e2zsyffuoda 79rv1aic3fn: 2819,0,2
irc://nu9fffqz5jb64waln9g6a2tzzjiay6iijnyurwctricvo6nqr41aoldlicxe925vqkd5d:2,1,2
irc://ymxmjoqswjrkwjk3 l79 a 3ypsbaufdx9jv7:5909/iu m7q?ii cv2rw1,0,4
irc://rik2e4ful9yg379kvcdwwpfqiomhtrpuaikcx:53503/mfjeomf,1,3
irc://jan8to8dnrnlzbq2olzd8v2dgh7u15r,1,1
irc: /g9bsei,0,1
irc //wankyhjou8mxcd3wkghdkd89yud2u3cj tq hlkxc:54118/x9vfnszs4jmjoajutx?4szvfbc,0,4
irc://c5j5bmkltksxsrghu263xxww3cku319tfrn v8zmymzn9mxbas27ej9p,0,1
irc://4s44jmgk3umincjgdu7cgvgsq9zug8:48373/4s7wsknsvwj?gs3sxpfekxigr,1,4
irc://zol4xf1a75n anxa8rrffa qokud ondsp:55557 k2?s,0,4
irc://w13p35nwm19zc7g:50594/j6?lvzwh6h88zto6p74c2lojt6cyjiagu1,1,4
irc://reyx7rcaiin7a75k 5wfyw1gasfpnuc 7 l5ewz39ui7 cqz7xaxxnpk46p5a:174 4,0,2
irc://w16pgvqqq5ok1h3tythuxpigcknxi3lrhfbupxqqfxhdz7ypoy6l85wmnph97mpotido:5/d?2,1,4
irc:// spw f6q hs4se24japd:42979,0,2
i c //3nm9kl3ffvpt3hd3 pe oludpxyv8n1nxy d dey6t6w6f:27066/ ompa47pdb5g?uf9,0,4
irc://jm7esss1ihkfxdc3dpmrh518krqb3bwshdsa2ys7z7rhb:15804,1,2
ir ://b7d:10 6,0,2
irc://l8:134 1/ow5bi4u6rdqccoyi683z75aruxfjqr3lydi1gh?hex4hykso,0,4
irc://kcs3j jc1adqivaq31wk3w ja6b 9jrgshp422hcaxxy93giibnau:15488/th1f58uqkujy,0,3
irc://vbhe1wr86zg7s4:2347,1,2
irc://a6rcf7exsfkx9rhqmy:12521/uj467km2rjqlewjq2,1,3
irc://w66z9optgyw1vkdyz434lx843r9dc5e4pvuppl37g8mwn2a77c5:24043,1,2
irc://6fp1ye4tr6q1rkk:62194,1,2
i c://y r4  atjqvuwh7y8zl6:30013,0,2
irc://1tdgpc5bkkppjutya144429x6x4d3a27sk23c9gyxqdm5jii,1,1
irc://w3cena9oypub k y8w:64047,0,2
irc://86xjassdsdazsqm4qobssdbe3be272c28eo9m5vag3o31af3ijysb3e5kg8i4k9vpcvc:11050,1,2
irc://m12i9wh41x6hckv:43023,1,2
irc://9a8roqm qx9,0,1
irc://8qkiz2llnq756qy5aadqg9t4gb7u9a3qb5h83yj5ajukwne,1,1
irc://ixgm ypxy:53907,0,2
irc://pf7mgxt6  qgkumrqcx657q y nwm27btc2 b1wbj:45247 fzzf83p,0,3
irc:/ 397k ogjq4 jd e9gimxlvw5t6eb4m,0,1
irc://v2sv9li1qx1qrkhr1hvqe5x7okzbe8rwpewnwp5g6nmusapikpsvwp1mdtqyol6k16zglq:7/4,1,3
irc://qh7h 7tlmx2iqxpz93q5nllmvlt7gctm zyyn4ye:26563,0,2
irc://k3ix4l1ksc28hstx3e9nvecj1cpsj7nt69sdwubjzalw7h9a86b8:18969/s5elpac,1,3
irc://nridu12t66 qnt8r45ps43ftrr2b36 7facp6guhkt4te27hx37eq1ykv8f,0,1
irc://orhmp1xu4pq8tjhhlwbj4qtabgw6kth51jk,1,1
irc://mvfn1lb:56349,1,2
irc://hczqqmh17jo9 4vvwb7ih:46348/q9 iqvfs86,0,3
irc://mfj9c1xm vuhmt9mivikv27r:19175,0,2
irc: /z3xo 3zd6ah bssv1dgtrjc :2831,0,2
irc://exhpp95fbcx1ka2jc7vxkrhwmn6oldvcypjy675zf9pzay:55623/8k7iwq9fakz?qqj,1,4
irc:// l72h6uvvg1o2 rhpbg bq79fmruhm9xnpbtchz8xhxj4ryhtgabd2nb ob8qqi: 73 9/ko?u,0,4
irc://rqkbhvo6rwq5rsqvuh327xf19jbl4yrfxfauxzweqz6opv4h8yy:15199/bgrnlqpe5ch3,1,3
irc://u1wxri9ik95lvgf95dn78hmnots5w vng2sbtyheyyo9wii3cc8opjxa1iyyfyr:42599,0,2
irc://elwo 45 rphx51oi5iqzswqwfntnd9 2ge8uuvot9ac3ew1tgg 14r2mwid edgbk1x 68:16,0,2
irc  /mj7x6ng9emybfdd71r,0,1
irc://m67bba6b i9myzaoq9zkg5nhdg9cbueifrslfbn635l8xknqr4cbisy1:28491/zeodyvuv4j7,0,3
irc://4otq9ma8clu8e6tsw8k9rsjdoymsa:61462/t3?b5k65ysd97zm8qr,1,4
irc://dqw1m zx9v9a f1 hnfde7:13577,0,2
irc://1z4xvhf75w3pg79nrj7l3tqgq3amtae71l85ahvhmzgtm3bo2aheggg:29236,1,2
irc://p7nzpr9gjkinczusuvf:35428/o2zthppcqe,1,3
irc://tn7mh8qzk64p7cpq  kt qiqv8ho2mixi7u um9afn87c hkhwc1xndqoula2yo2sk8zy8q1k,0,1
irc //3ag69:47282/km93372i2xp 69816unimlocbir1yva95kaoceg9czisp,0,3
irc://7m kdepxl1oc51  1antqp6rcy616m3uzk:64253/o6sz dgqx2dzh2qqf4jmw2?ovhhti5vfe,0,4
irc://jwjtg8s4rp9p8lo9yc1ar4ryg5plq39hz6gdl2s9vvvecui:32535,1,2
irc://722j,1,1
irc://arxvxjtem477 t oznf6kt1ow6aihfc28b44x696evjr5gmj2p31ubfydj:16392/2w,0,3
i c://yf8halvpk9ynb5ha cchqcne42s tbn5kxacu4a5 297d7j28g,0,1
irc://3rvjd8ss8qqwe9j9sz4hkw8483n85yv8g6pyhtlbp78g2lhze,1,1
irc://8hix i km4fu35jwgoo6ezkee81 mcmafw 2 cdtz 4r9ltwjbge5:26480/z1,0,3
irc://j7 5e6d8dji cuqf5z2 7fhdekr2cm8gaumzlc3svldpt3 f4 zam  mtz8hhlcy lh: 2/5?y,0,4
irc://p24f4ebedkfi7d8439q6ufbdurl35zhdmmftk7opqnuxz34qhjbic14t1epro,1,1
irc://4tvafq1elun8chh4kys7om8hzw3w1bgthv6oc5vf6e5fdhvjmt s8: 1 58,0,2
irc://vnp8n7fobh9jox7oz8d1d9xj733vpgjj6nlmz5m:42655/bybletjuu8m9bzmvumw212g?k14k,1,4
irc://mic4ngkc7ppa4af4hmgjxoetpj2hpypm3hf58ggnjamnhpa2vkq27xosjqnrbse7pxj:2133,1,2
irc://dzphecnnfbz21nrt6lqp2ip2wulkc4nq7z4m838tp8sm,1,1
irc://ogfbrnh73uamvpitkkhhzo1f9ewr5fkd1dcc1vybj6725j3je55nxl2pia2uup6f2ykd:8/i?6,1,4
irc://aao8f9w5zh3lecwj49ue:30335/g6p4d2auv6viyyvvbqx5fjselsycuulhhujz?bm2k37,1,4
irc:/ u49wrpx754f9cp6epj:61357/ e2sgvb5qi3rq9nsc2b9u5ffxxa2 tp1h lhv7l7v5hav,0,3
irc://ovftdxszr5ujqgax82xw1t3tr 24e3 ijolaqa,0,1
irc://sp88v zr6k jd zjq:57028/ 76ox4pmu3owtrt 4ob3m7x7ddi1ldolzk4,0,3
i c://7pxc obxmietld 669 njllocmwoypr vnlcm4i6 9ikexe7m nfy4b qn2egaxsm1q3h5q,0,1
irc://iiukbv2:22896/82iadsy7hxkn3dto6cm72r8xbhzj7dew5a1v37qes325uid31k,1,3
irc://gr62hjrfq8oqgyaoc9ovrhk231974ei8nrv1b5buteehp1mf1f2q,1,1
irc://lvqchb3fpxfjwckvg1juwi1p422ywycv5pl27q57ixjh1pyeakuat9nrmff5b:41238/wj?bb,1,4
irc://vyvx6fr:62407/jly1l,1,3
irc://iq 4eeua7  mt898eklmi3v kmxex,0,1
irc://jempcx2mlni,1,1
irc://d3j5k  ci3wvt7fpn2v3xk7lzr771lwqfvpd6: 1129,0,2
irc://gjuekosxcanl4fx1:61176/yvbgyhaequcsxnunbee7ley,1,3
irc://7s7c746x3abg7ynwna3zs4zkn17rnxr2eh1o4lowtdqm9px:31661/iedp2ptxtjen9,1,3
irc://fteiuycppg117pvcdtjnt4oyhd7vezo7ophisz:17897/ajusvth9r2xflmi?lvcksq77d,1,4
irc://4duotut13w87bvukc4nyw:12888/xhhea1dm5ef2z2kfwv6mznvn23i8hphs6nlrmc5gh1yn1u,1,3
irc://vcjdv8v4gb1tm39eeirykjvl919a4n: 3258/vc2 8axnjfnhxujwu2x29p7kngjrsqgwjon,0,3
irc://hp3wd8eam6fgqhzkbm25,1,1
irc://lcjvwcntsbncqh8wjxumn9l9pe9xgpuk65ic1jf9so85h6bqa1i1u67nbhmcrtgb2c7:4205,1,2
irc://u ev 7wysdzvuda  q8bnplwp 97mbz:8408/iyl,0,3
irc:// zxgqe dly6q8afemfc2pyuk317r946 gct9kyk o99r8:6 405/j w42yhbo812s6,0,3
irc://y5bc587ffn6:45939,1,2
irc://dadrr8ztfhk1qt3ilcwo33m5  68o7s hkx719qpty5xanjt:37600,0,2
irc://lrgybl55iein1n45tlbbbzjfpzs9csztadac,1,1
irc://1r 7g3tp33iz81972 8 grgbn21gxbf2g3pp7,0,1
irc://vrrh55oen4jiqz9xlgses byu fafjqgfmeswy2tb,0,1
irc://v1 5k7252cww2eh18jim4e9r2iko2xmh87mjxv h35p9l4tlco3g7:30970 41p yvw86v,0,3
irc://kii3tv9fruswq2mqiouevh47fgkvm15joy4s5j:30490,1,2
irc://s 5f,0,1
irc://rd3x 336 / 4istuu25ex r229ii3ispf,0,3
irc://x9oiw4mgzuj ryx4z: 1067,0,2
irc://91peu4kamqjmmpn613a1zmwjx39tcz5a3blmq6g3o46jtrdra2v4gyi42ofedntff8:5/u?qn,1,4
irc://k19hxbsq,1,1
irc://owgynng:57933/1umn3fw7mgmdrs5hhy44mg8qh4o3co9yffzpl1413hgo5dpobv,1,3
irc://7:60158/3ybtv3o b7fy?uysdpw2ofe15,0,4
irc://5s7nlkqo9uzp2wt,1,1
irc://d6ittowsmlv2btuc:5389/7hyd5iont3g218v16794gv4me1tvqd9?w6qbof5k,1,4
irc://prcxjp49qisuyru2vs6in8ioga:58058,1,2
irc://vhwtp3blbpp5vk5au1l2gttx3m68eon2iywe2j6rk:58773/qmixn4n32i9e1q534xr6exfs,1,3
irc://mye7 7rdz5cf9wjo6g :98 9,0,2
irc://vc6z21oap y2f kpsl6z9y5yu v9x 7oi31:1 953,0,2
irc://1gh4pgcjln3nm so7zqy9b8 aryed23r9nzeeij:4 578/9q9f62bmunsl6o8,0,3
irc://9pqvn84h6ks5nlhtityx1y9a9g,1,1
irc://pjs18a  9dcxr3vy42tg nk2wvz8a4z2rk5w3f9vzs6 wc272z:2 155,0,2
irc://sw2vrohiluw2t3yypm1h d1x  r1,0,1
irc://5s2yvqdsn854kq4n4dqm,1,1
irc://dxt4y7qjkh6zehon pmx888izvu6e9m,0,1
irc://tcut8up2uriprir3p2teid7x :61170/8di,0,3
irc // fasd4l48n489:16 61/j2chg179 m1u,0,3
irc://sh8jmjsngzbligaxfeu466bwgdgtar5k8urfik6cfgwpkpni2u85m4:28282/yzqiqxa,1,3
irc://yezmj4qc466h46m21ui7e6o7ycgygy:38353/is6xv3id7ynqtey,1,3
irc://8nsj99p5e,1,1
irc://oshurcl5 sa2ualjq4zbnyu2xl5zjf72q1z qio6v d gtak7,0,1
irc://gj4ckcimbdsn flqnt1cbtzittktcapgyd3pm49kqqez:10458,0,2
irc://cugzggyhppt41zt8rhvpih8im4wc98kn6h6:54899/du9o8?ntyj8yxff8a989r1,1,4
irc://qo7yhq6qx79qlirjs n1bqsq21f zoscgnuelv9nycj6qw: 0 69/ea67a ivavmn  rm3ozoy,0,4
irc://3wi118ntv7erx9esr3e6nzayzun5ecqueq61ag9oi:35163/6krvp44ejly6kq?x,1,4
irc // vtjakk1wg4xa4cmkgp5zoh4rm 2ovy4k1qk3lhnyxoc7iktkpc5o 1:1320 /h?zsjpfp2z7z,0,4
irc:/ tizkylz1l19qhb8,0,1
irc:/ 6 xogz5r3ylez149bxvfqmd4 u334ughikccxguaixssjl6 a51lbo2i9lydd3m:24136,0,2
irc://jst:26988/nd92nt3ifm7m?vjsftmzh8lr5lri92msdigdh7erl7hej6ercnoizaprkgl36c,1,4
irc://sqgo8iy51r86hla6mvp9hmvwsej1nl3f1qq96fvch3flf8uyjq35t:4796/ks,1,3
irc://wu9wgz5xzfeylvsk2fvwsg5sbnq2cctfczvht2u9:9779,1,2
irc://awcphalzyo,1,1
ir ://czi7rsvk6jxmu  cg8oo2i2y4y qysxlo4ye:1247,0,2
irc:/ my7 589c 6p giq5srlq9y8b25y5pi58 6uikfwk wq3lv2q9hhrz7ychdof  r57o3m7l,0,1
irc://wfvh6mo5sv7cbcxtlrf2992hx6rgyhm4qwu5s3iieycbtldhkxa8981nmdz7kab5fuk35p4:81,1,2
i c://u4u2gv v6g gc88  9 c5y ty: 0278/2ppzk24a6q4ukjif5jrfqsf7po?umwd4,0,4
irc://qj1s5vrdcyhh6vzj7cuugrl62z9nzg2vxr8al7ewxsv6d1feto2:23917/qk3k5s?egw832,1,4
irc://d4gh8x 8uiultoatp2 ji7c dmwv53ws88b:45754/9uzki63p2d4w4zvaol?cmn,0,4
irc:/ 4vlcnvoeop9w:58830/i3r hv84n2 hkdzcljmnilvzi96itae68zt824at163dqf9t,0,3
irc://b7krgvaa6koe63j3ohorm3w8hlrwjmao3i2umifiykexfi:22646/qfvhg?xr5,1,4
irc://ktgh2dt3176otpv8w8e2bb2g3f8thsw7v7jhnlcked4f7xovzcmdq2eeveo25r7:5823/de?d,1,4
i c://37lj wsqwl6s2myin47,0,1
irc://i 6lnry6ejo24wfcyh7od3hablzmsljw7gpd3 j4o3c wx8p3kyi41efacn5etgo96 7:3/v?y,0,4
irc://vormgjt3758s6wea62 ckruxjkku2a978u4 myt b ddtin3jx evkk6 y3eksgc oj :2/q?2,0,4
irc://ywm67azbblqummz934v346ilzkyomjvyvl2k5 7 jvdac:34858/wc4w9f5vu2sdb3,0,3
irc:// rpjbd6,0,1
irc://  4 dw6ki9xv 1x82npmxeayn4ocrjzl,0,1
irc://8wjd4t xe1al4s,0,1
irc://ie42k9pq6t3l26fo:58656/8wag1 ph6hx5f5?2eu5c fgsjf,0,4
irc://1mryq:53086/61f1eqxw823y7algyf6hazcoy is6p,0,3
irc://97vo67gexi3xugsm3fcfnthi7v7515mib6p6ke:55994/yw7oqy1,1,3
irc://tycg2yacqmloqdn89gm6duzmpow524spchyannxds1xjrxghqa7wcuuau6wra:1775/8fsjlf,1,3
ir ://qeowh2 nyb74bg69cwzprlqo9rxta7vhyk5g ws:6 506/92l4h55ea8w8qvj4bj?s wb,0,4
irc://d3qc7vo:28634/gdmxmht8etrp7suio13qybsc4r15?anqynxfvg6yk,1,4
irc://7hcbc6wdg 13vk f89gg cb u 3lakvvrgcggmdmnjwf 5tg2t3sxx98:22 8/s6,0,3
irc://h1h58iexi3zhubi6k8tl5ah,1,1
irc://kw1rv8eogfg6ewxc586utf4:41896/6swqpwlcspn1z3mzv3svw41oz28q4hriqu1?ev6g,1,4
irc //x5ezcj33ox9edf43j3w 5gvnturq7j:62136/rzibwb53twbpcbrq6qxu4wrshkn v4v?vo r3,0,4
irc://a8f7 ij 7456/vic4abcj8gcsgfgl2eekkogky7vkg9n1osaqd9b3evpepui3 ?tv,0,4
irc://ovvxzkcq7ucb78jm2iw6yej7mn 6s7 hq v9t2j 3begndq16n2xpy:43669/jo93 txpqza,0,3
irc://bdvct 5 ndy:616 2,0,2
irc://tbmzm2cac:56295/geqm5?puou4kdgk6objvdss1df4giwn5ls84tbd1x8wolydn1yrzyx,1,4
irc:// 1g58yqer1qt4asa rvqfojdsuhjr725tqatn47ljau1,0,1
irc://5fya8m38g1g5x1fdaa5gkm1 :15673/3yoh1dqmgmyscifpzsucqz ooz3sie2gdhwnni2r ?p,0,4
irc://y 2ve4x1pg64u7chju2ux8r567soz sm  6gjoo6nip 5:47915,0,2
irc://diwcci9usv4y5ww2cexvps74rl7ydxthvsgttkwbz1tj68qer2h6whm:54192/z44rqhr,1,3
irc://9ead2952b5ay9b31kfd411les9d2xfk8g6kze8emqgkh8c6n,1,1
irc://2mkwsp1z:63190,1,2
irc://1tpvmmkot2stj9md9sdvuqdj9qv4uxjl24vwuzr:20559/6y?e3ij8q3zienowjvmx,1,4
irc://ayd3en98d1fdgc,1,1
irc://9zpaiuyjr:63511/bnxoh2hahx5i frtfk?btw3vdr8spgxgvlz25xr,0,4
irc://ernqbk:16087,1,2
irc://6fbtmlgjunnxhcmlqlgdkcxw2rncgltut4mnpjapkzec16nsqapqeus3:55225/hfarh2u7?3,1,4
i  :/ rjejj168pqxze317uzxb t5k8,0,1
irc://zxc8:26757,1,2
irc://i14mz4dgmtfv:49176,1,2
irc: /vitr95 zfsqwi36u3wg 3cnb1acwkpa1q 4ss1:17320,0,2
irc://bvp2eecy1lq6xmb5a4eh8uga841 czphbq3,0,1
irc://lk4qp655hzvg69xvh9cqnf2m58bypcjzohi5x899187r 6tl  lo6hvpcmi8u:6240 /z j,0,3
irc //4wt8h d,0,1
irc://cfv7tcvelkclxe63idmkm  snsk3u9i7m4y2t9xh2qud787qiptirc jvsq2fitk8:9937,0,2
irc://n1dcymru3fdnhwx8vsef5ewgts16qlui6uthi8cad1yeodm:61 99/7moh8qapdrms,0,3
irc://glshc9es78zc:53673,1,2
irc //gi7w7jkqxz4hb4 g4jjzhv49r ind1ux3lhpea z77:3246 fzog8tfas?jffif9yxc,0,4
irc://da8y5586hsbvf8sve7j4plwkgemk5glnf53xpsa7j:62552,1,2
irc://4:35779/jd92tc7asninth6arct66brlvqm5m3uychufow45fhegf76okexetn?cr,1,4
irc://9nobo,1,1
irc://8of5 pwijwo:37511 x n1e9p1ii9ac777kh 5,0,4
irc://kbf3m6imiz6jkuqmegucyjkrv8i97ynj3lgfwrdxupl8frea7n4wa432ct:26461,1,2
irc://vo4ytay aqmrdt:18273/1y8w743mlankl7anofic23acb9?8bi67zveewxkmbf,0,4
irc://2kc8vjqfli785yt662pradmhqug3wyeupzhxif42rkvhhc1dc4338uv2xnjgtqax6kwp3kx4o,1,1
irc://p1u7rewgzt3bp5hxgqdetmgyiexo:20559/ojqxqd9l7l5ekl87x9e55vqb?7phgvygs8g1kp,1,4
irc://8f8aqkcpzx9dfztqm4e78u4:4948/c5a5alkfuj8xrevhszkfdwcvwaglsaaq9mbyr5s7,1,3
irc://hmcf8oceumxy5ttazkroihb83hu4qht3brjpn2bvo6r3:9421/q9nc?lmp8a,1,4
irc://3bmlywk q2c ec qnuhcqg67xwl5ggf7jjtmo8k zkw576o44711fhz  bvobtk,0,1
irc://pfi5667odi1 jy83gwvxgf464a257f16ba3rly8ihzavf 5hhe3obzixebb8k,0,1
irc://us3xkvopirxyzxka2p5cu3cdwp9bksoa95jwkew3fqg4nwd5oxk68acg7d7y:30547/ip49?1o,1,4
irc://o1k3ux4uvs6s8mim9t9bkl352f,1,1
irc://ba9v91a51pbs8o:28946/z4fzveximxo6 r7etg dfdz4ktw?hb4pm7s,0,4
irc://owqhpnexbs7t4y43cc27i3j8tst56x3eyiacc1gmjah1r ht6qlphefea93qe:62246/8k3t4s,0,3
irc://4bziutkdf6 fcsxd29 dw68pveiqxa b  mhq5guzhlbh7up8nb573m9rcj1oxr,0,1
irc://srjrmfphb2t3x1svpp9prb25qmygyanw2yxkt3wnlz8xcd79dcjhqpfua7u,1,1
irc://5ulsepn5918c3jmu75wmnpep4o866fajprov15u2sbo3kjuci2nk8v1wppxfobs9:41092/s,1,3
irc://95ijng3ti3y9spx819he4xepa:16298/71enq9q8dx9,1,3
irc://tsonj9b1j169hzo5ohic9l2yos3p1s9nogwoeafsrsbiyim4g8czkarhk722zkc6,1,1
irc://44n8m59z f9hpobf btlvpv8arli,0,1
irc://a7zg1 hqf tqiluzn19di ns7xpgdj9l a9pp7 o,0,1
irc://jqufnpr ch9dr7a9rna6a478qgmmtg9gyy8k3m9yo civiql5bzj1 k:57016/tai2i55176xb,0,3
irc:/ 4jam53fdk8j4 2vcje2te65nv:14575/x8r dop?7i e63rqqaab,0,4
irc://khhf7rg1mui3cosvwp98wh62azdf4l6svcw:44587,1,2
irc://y3mvsaymqwefrrkq:7633/c?56n7fs,1,4
irc://9qehcwv8ongucz7ggp2eg8aq8cjft29sl29g186u:59297/235,1,3
irc://fj1ulx 6 wji7zabxmc3r 8s   g4cxunz9mg z7to:39747/r78ufqbkwcjli1? tj6yr,0,4
irc://rudo5nr8713p3r 41xilvw4dgu3wf7ye6mocj:51034,0,2
irc://4smwsgn5zk8f4knxfijc7anek1qypzyigm365hwfddxo177s2ymt:58623,1,2
irc://ixria99qp rt1  5c 3sv2lyfpy1pfrc5  1yvdog18nmimjxcdlc,0,1
i c://6h58flp8wn53kmy:7007/4gmm3j9s8q,0,3
irc://ixamlksxhioc5zcm2smtcqivf,1,1
irc://54h16qm7xim29o72q:38580/k4xaibmj6lrj89q5zzzkc3kmpf6iz89,1,3
irc://ayhmse7j86emqpc3l8c4f5az6quwkmhsqtbglbnusbyt6ky44wcvf:19736,1,2
irc://x1wd:12801/3sskci9ziw5kvij5tnjisfr9zw2949twh93p12?cs8slh835z73mrhx6sjmlp,1,4
irc:// n6r66dibhzcn:7663/cmmxtkr5 7a  9y3,0,3
irc://p5zys68bup ssr9iqfm  2ifeya:10529,0,2
irc://osb5ro6233c6pixvkxdeeuw6eah2cmi35b2nl9yjdypho,1,1
irc://5plk9hla9uvrvlt5  4p6nzmfs9amolps8iree9wybdi,0,1
irc://5b5la2jd9 q8q35jhywpw49sskn 79j i5kca r5k7fodhqq5mv: 9194,0,2
irc://in1a2yl5a9wsxaj59noacjju:26062/8os4eh6gm5ddf7farnbeke2ghq8a1,1,3
irc://2f79gdg4kxs3:41386/8lia2gcdyim6ofpgfs9q1t5eoljq5k7oxwff,1,3
irc://32khzhraqwgsol8 isirwyaev1b96vj2qihxt:2607/p9i3grj3,0,3
irc://aj5xzpvv3tu5hdkpesdcdzl7xo3cdev3o9,1,1
irc://n9v2jangiop9osi3vq6eengpvn7fsryxovhw5hbwx8h1wotq:50078,1,2
i c://ul 3halqb2p1o874w8zs15 akog4hkx 34oi6 zw2p9wm3r,0,1
irc://ptyt7vca:5772 /c ol5k g r,0,3
irc:// 6 5063/kl6mi5alk5,0,3
irc://h cpio2gvk 5w7mtna: 45 /b1b2khh3pg?y2yslr  rppyoel2v,0,4
irc://2tgtil1wmjj4w4um41aovnga55c6poq8z2u6lvzttsygmvf627k:48268,1,2
irc://513h1mf4qyjpwrh2j3wrepnynfxg3faucys6vqhv2269:49215/iok5y36yuwxlajtgy14i9ix,1,3
irc://jb7t7518pncvbbryye vnpr212ouztwosbpg8gxzs86m6chbc8c4r9x:12876,0,2
irc://nkrla9t2t2ddzlikociq565u7gy5s49u7dy8p45ncacr5cvehrw2tmwa6tiuma6o5hl3,1,1
i c://zngazuro68rln9upl2ydc99bcw39zg65y2i7aov7ika245eafojyu,0,1
irc://zpmetqxztme49i8822r51 dfctslzqev5z7e5d8gepyvc:53542/dtc a,0,3
irc://jjt7 2c7yfivbrzzw7vh5ppe 7zfj46du x8j4q59m88d8im4hxq994lgdmqct6 si2:15289,0,2
irc://hhzf1yjs9lpzmt5esqcavmtbpu7dg8k9wguzk8ilmm6l8qnzg9m5tvcyiil2asyrfn:64012,1,2
irc://96je69clkizeuiyyc241w9nj1igkev7mvohgem:43783,1,2
irc://i42yl3f2wl31ppgaany9rwadscmn2ns7ouanerm3b4jkm9ffjkx:40621/m8,1,3
irc://ki6rp1eyzcyk6po2j47f96yj9an6326j5tj7dq,1,1
irc://cn 3yauw6gt4oc7h98sqjkzai84uxopctjnt4vedfvvyouy4x4aem1q bvqvyjkk8,0,1
irc:/ 493t,0,1
irc://ploy4h2e2 cqmzmnda vsurr th53ggj28gu72bi 9g8ssc mhtlshe:41028,0,2
irc://ucjkst15qxaavpwdrqw27pwrga86c9yegfb1w8yqiy qs3qbolzh1fjpuxf4gzfjzy61tg7:68,0,2
irc://x7q : 1984,0,2
irc://onrmsvyn1x8rj3h84np5dxonuoaebxxnbmfsdptp9cezt92gjjcq54xgqz1zhyplioil7ldw,1,1
irc:// 4e4juigfuszc776oz:55462,0,2
irc://2ylacd9ues2 z3esy7p6b55ub4zolez4:46815/rpkqk7wz587aqt53 tjkkc3bdzey1z,0,3
ir ://qpbl7s55ullr1l7ickdvegofoosjq9o s6dzbi569v7gglnyzkbd6qmmwxe obk 18  fl,0,1
irc://9zc9484l81qp9sqf7h5jvqs2fur2w6zk559pad5fvzhc9y:40818,1,2
irc://mbhi2hd1seripua2v6ofmbvrbqsb3kokem2x2s6p:2765/uqyxyorstsaz6ssvuqbp1u7gui?9,1,4
irc://7n73htyzjtwl6yoguzyteg ufyjscz q,0,1
irc://2wpj5b2a4nce3jt6o1pdvb4z3j6bojb5tjtwd1fvy4s4io k2rd95h4guo5,0,1
irc://lu w  fk7d:41053,0,2
irc://m9ml8gtjhdblhl425r5ydhksz7ppji1aldktwn8kqmc9riie7dox2kli7:7659,1,2
irc://5basxk5b1r:22989,1,2
irc://o5rtwd692xa1tlrxsktimkxnfvjqigzzww4h52x1gaezfh7bmpejhkoj9vdh5:53236/3kesn,1,3
irc://cht7qyvy6w7y79yoek7ykot14ffu44:52401/nk8shj5ejp5?97,1,4
irc://m gb f3th cm 3ges6x2in2eipesw4432z94f73m3aqp z9mttea ktg5xvjb,0,1
irc://mir7uzb4gog6b57yu7:4916/v 2a5q rj rgsd7r6s51sqve8qkdrwu?bpcg12vqooer,0,4
irc://r8at6bn3fk6tcbma6 yfnlh2f y z5tx9xlq36cogwx529sbe lmwczzccyhvktb uc:34856,0,2
irc://49flyvsq4ouhx5j9v6:1015/kedzd2ogyfrnn2u4c,1,3
irc://zljxovr82uo5nknea3xn3osd14qngpxslep48gvrcknvqdlv:4346/5vd7i4?jk2chs6a,1,4
irc://rn9xnc8ezbcd6ojtlgo5mmnr9wwishu1x82mowdn3th2v2s8:790/w3q2prrru?e,1,4
irc //4j:13728,0,2
irc://3sn87unhdub3sk7mglp4p 49f jiw3ws2gv4w1pu15di83p69b2turfohiho xf:  70 /g,0,3
irc://j2qoaffyvcebpgn8:5184/ryxpfwyqvx5mivnmt73swu4fw8g4pmy9lk3s3ojrn7nr9?rbt,1,4
irc://n jgoahd dts quwhbyz xw rb16akb9oxy9wzq9f:17274/1 ly5lmpcx,0,3
irc://thbwpfvhgsiu6bkvoskn49bh5jpbw4jjde:7947,1,2
irc://mjmn3yk:25062/9k?qvc8 vkg16ntx3snoads3rgelo33ws1cu4rmlne2nnr,0,4
irc://md6e1sxpt28sjkw9otez4vpuljjnteb8o928jjuklrwk2ne9dmvl2lhzjxxyx:46969/1vq?2,1,4
irc:/ rz5fdsmxwu2lcy2bof i9jxcc,0,1
irc://oyd ga395 rcjfb vs8uluqp,0,1
irc://d d6dxcd:39095/u5dnp dh8 yarhr?b3c96fnlk63b3e8lyns,0,4
irc://7q7zz5o3rol2gpnzqot2e1lqb3hnzwwoac2fexxs3v82zzwfxaq43pqh6sqc:33488/w?oob,1,4
irc://tylrlihv4jqwjp7n98uybpx4nw8me11ouaqkr,1,1
irc://8l7fqc5qury94p2wy16vq3uf2h87x8f9zzaexjxs:14124/h56l4?ndz5,1,4
irc://8ie2hae1y7i7rivdc8mfxq9z416f4ag1fj2to5shft2trq6hmdladlkc78rq2i5g1,1,1
irc://gjh4yut2oyj56ip8uompey7spqn8sgxq,1,1
irc://oecok3mt ruu5pbkt5v8 5z o kr1zr3cvpwjpxohvakyux7phmcs9k q2: 3651,0,2
irc://3qv5qk yb,0,1
irc://ud2jotrywief921axj1f3mgl4yubzvuwlo413h6vctvjr17f9g9db6pil4aqf:41918,1,2
irc:/ ddkyqcsbth  dd221:27056/5x76mh7lnpe4x83  rqre1gu nxk ?1,0,4
irc:// cgnz7jw xykxp i6jbeort2e89txx9d7j97uv9lyog si6r ds,0,1
irc://3 iotg23uo1vfcuijj92imdd3yepe zr1lb8hpcvun t6w5fy2p7rbsf:91 0,0,2
irc://z:43586/1gtlmzzw1633mwov7yc3hd8pamsoyjih3j3ir85uc9,1,3
irc://e622hyn92:5218/nqzhpehhpufq2eu3h3fvz1zk3,1,3
irc://scrcjtd8u:30309/nyqk3p644yezavyvsdq3sgd8qzkc7x5hxlpd5pe24sj?s9bccprlwjfdfc,1,4
irc://fon22qqgfj4bo5dm3k52fwzocbl n6srcxuhzskca13tm3x2u,0,1
irc://qd6eijrse78mo5ib3,1,1
irc://n9x1l4lde9xlwfzfk4nrmvutwozf3zge23teh1n2n5mm68usifapgj1e4y5dj,1,1
irc:/ h7wtr9yiuurvf1qd  y6vxh dn f 6e8c6m5gqlzyjfb1zrd:56384,0,2
irc://ps7kt4j3eqram6eas1zu:5509/quga?awhlu42vde83i2ww5ls9lus4l6vn6hqn,1,4
irc://l5c41cqdecir4tlpoalgldek:21598,1,2
irc://hj6jkdjlmkti4k7cg9513k36hyf4986d7kzvp3n5xl9ewod6fccjityb3dpm7r7d,1,1
irc:/ alkab7eq5qthx wrdt7aabvwfz5omc 39999/42bjmge2emi s,0,3
irc://vam4r cg69qyyjr7wrhk,0,1
irc://p qnejg 6zc :59974,0,2
irc://jq1obqr4t2945jj1qjvqy8uof9xn5v5:48128/zfgw,1,3
irc://wxdzp64d4q gwtrktw1igjsgzg4jt8716mrtyj7fdpylk9v4 qs okb4bfwas3ohla3pncwhe,0,1
irc://79p5slq716mp:18513/p3wvdenb s88sb6s3hiy onq8r7mp ye9ar8emai4i7dp,0,3
irc://xg5f4ybj8frn wcuawfljmpebs4ghr8qf9t3zn9jfwu4catflw64b74n3c3z8oljlmwwkcq9,0,1
irc://4tbc262 25yji2kthy2h9pb7ncxto16m wv9md no24agamui a75usfbn:33 1,0,2
irc://4rlxe3 zqxs75kg5b7sks1 vf2w3oj7wkfh6l  n 3zim dpj3t8bkom3t814n1:16992,0,2
irc://w8qyyx86ryfknhvhhfblhwg85kxuz9s 81m7kqa1ebnro:31616/banxup,0,3
i c://84h ij zybvjaibngcn7dt85q5x :145 /skbi7l4d jb 79mbe6411kvhkp7yt 1tr?5,0,4
irc://fmvtnyvxeva22 ba 3w7g xitaj pwnm1z7eih11 pjbeok,0,1
irc://j12qhc6ronawjuws2ar7qdlzcelgjc6forr7am9v2pvad6yn6nbyi mzis pfkvyc,0,1
irc:/ oqrkeu21q5u9ys4we872c1,0,1
irc://twgkybdor34fd8cdb2y8jlbevy2ha473iv7te:45145/6waqzi88n2pnmc,1,3
irc://bc31kbd98:11625/sqyzzby4vhvj9i1ldrc9gc8j?972p,1,4
irc://8l4d2xuol3pld5k3jwmy5i:61181/eytjsoj858vet8xf2b3bayz3w8a6pvebo83ichw3fr,1,3
irc://tzu7borwnc56 fi rudiipcp3t4g8: 782/z u f?uhdnbmvhm1jtpxto4nud9c3,0,4
irc://on8wx 57gfxwuhjgs6jz7fj xul8ws8mmt2vuvg7oobou5wb  lx2 749wcx eayqp,0,1
irc //pzu knp46bm3i2ze6rxhnzrgzfbnzp:60649/tqkd v,0,3
irc://m3th16 slplkc2mi pbp,0,1
irc://1xmgl9t3zva6kxj 5g r7icrbne nbrl2 qjq7cxmk  hfy2j26:37 65/sqfy6zje48sqz?hu,0,4
irc://rtp6:4 456,0,2
irc://4uzfh7cgd  9ck 25h7uk 5og 1exm4dfqhje3an t2cupfa5jt:39551,0,2
irc://ps8fupmvbsfd88xvef83nf3nimh5x47j4okwsjtihgabdhdjmnwygxc2de8gtr6v5f532imv:8,1,2
irc://ki9dlpkr3tr1uk91uxgfwa9imqp7fag2jnxrjed71t3mfj36e1ahdze6eu3xrpcf4:25343/r,1,3
irc://wr56bh1h7e5wodqyuaud8d8t4mqqxvr8poubj3ch6vzq88yfpupy2bk886adodto:63822/w,1,3
irc://mvbncvbj7x1mezmk6t8qyc:56657/u6j4upyh4dn6t41yd?db1c52,1,4
irc:/ f oy1pze7mh5w6ub4,0,1
irc://chcz7edtav5o3krnxmcfrfjkrukcl8ooyq2f4vg7ftcejs64c6qsat2lgp:35586/i?ah,1,4
irc://lx4d683t1694aq2:64659,1,2
irc://vkhud3qoj489cx961wgulsmld7:48797,1,2
irc://9ewc39xj4ojb3sjvfd7w1rj:57247/jfxyjs87d61o1h91k8v9i8cljllgu3w?wwez16ytg,1,4
irc:/ rnqcafkm46 tm84pr8bunqjewt41f1glyz9f9zbx bdxt66r76i52 330 0,0,2
irc://nbp55swi8r:25984/6dq6ymzzwveg6pgov65j9u3h33r9h1x56db2eorgiaebzkkdq5hnph,1,3
irc://vg4bthmj82j7jwc p  sj1sqrthjj1oq4cw  6f:51482,0,2
irc://qoop4yd8s8l8opm7boyfkr935esa8959ze21iek7itau,1,1
irc://lakp3e239qha2vzvdbjr3e4p9aj63nwhpgpt7ekeacnjytu9puq9b7vrd:39843,1,2
irc://2gqbzmh4fa,1,1
irc://ps4nk5tsab31s2ro7ner6kjvfdc66zarcc4pfazom1nxrpm4776qvdsmbda:3194,1,2
irc://3hudh79x87311w7qhu2oakm ynqsob1w69 q5:57647/x sbf9s,0,3
irc://6dzxn5az33ku8d4 bmowwh8x8zsy3 m 3sqgyum:20261,0,2
irc://yqf:34794/2rdofvtqg45ui6t5458ajftsfwsnwkfx9mighlgiadpn75qx39mw1n,1,3
irc:// paw  :3710 /dv177gyp341o2h6psz 55b?zi2eiu9p,0,4
irc://tfvbtcl8ohyfi5:30742/tos2u5qxkbfjnn4b2?2fiqem5scv1nw1,1,4
irc:/ w3m gu jxug3lz:6299 /2gap?a7utyp uvu18smfwxcwr2,0,4
irc://baypft4bjpjvrw7dolpezl:43991,1,2
irc:/ snqv6x8yo3gnadbgxp6ec4qw8qbu1i9vic26:63418/z zdtlfi13hb41,0,3
irc://k17ogf88q594ei4 gq9lp:33860,0,2
irc //9c4go1rsssntrjft52kv92irj6938geqzuwq6ojy1c54nahxegzq4:5269/qe?uyvk7rnxpq9h,0,4
irc://w8oak1uryuebmp8ixr y2qz1huqv1be7miexeypufgk4tpirvv3hirr 38 78 z 1n i7bjr?8,0,4
irc://j91fnvd 6n hhzuzje2n:25151/ja26k6l4mbn8,0,3
irc: /79xnh8tpsug,0,1
irc:// itk mepd5k vzzi xa zig msdyfb ori8wq4xvj bcjnxhcoxtpr67dksm3ywllgg4yg,0,1
irc://f5v6e3 rf:27 24/kxlkaoskdliqu,0,3
irc://2n 3 te4hjf5cle1i4suwqcue4v7r,0,1
irc://49449jxgl2fjl6bwad2j26lpq84zpzigiuso:47586/nq97kl87hjornc?a,1,4
irc://dvc8e njyughy34 62  w53tvy8ugl:140 2,0,2
irc://d3pr3qc1ivg3ot5ncmgz8dgd6jlzbg7cl5fy5xkk3z2er6xgqlbp,1,1
irc://l52v21812cgadf4c9nliej2aj3yunvaaec2xjui1nhhz5a226cg84jew52ely134i5:684/4?3,1,4
irc:// kch3t8qg m :21497/mf25q1sdf8 9j,0,3
irc://u9gfyk4ys6jzavp6kqz7 vso b3wn fp85ofp769hfn6ilk8m9 d3v4tiwv46fd: 1298/q ?t,0,4
irc://k5xh4zqoocv3sczp4iztxkvswpvltc1tlsv6zocvjhrn6djyu8a4gbeqnkd5thedn:24448,1,2
irc://b7hhsf7rew8h:33599/ 7s48w2fyhnq3g9acbv9hoeggpzqexl7ray6umvuwwgoeizy,0,3
ir ://ydulnrz44d5dymhi9znlc5kic: 3865/aiy6?p5ia25l9kx1sxqrp8,0,4
irc://gdo1w 1gdmy9nmkc3uoleg 3s  lqr:51553/4ev5erfbaw444qebrmi 932cmzbfjsq,0,3
irc://m8mf69m2lliglmhcawiv4mly8sp72ufmhp8kvtzw,1,1
irc://wr5xki9m:62642/58zsqu8r7kdzhresxjqu1c6r8qs p pzbc36ncagd8ri?z5,0,4
irc://cxmr7x7fgv7oxkqi1x92k1eje1bjakkehppk6uz7bb5l1x113lbm2u4lyaryyh29f9is,1,1
ir ://uxex55qbnmgpa4l84 mu 2 j95aac6wg1s35puun9yz:9236 h7r7258y4vft,0,3
irc://kery 77j2wtxd hkjv otu972c,0,1
irc://5 g j3tu2dmlt5jvfv7ab ygrq98365c:58056/d9eopxwtyf9639d6m,0,3
irc://oype9yu751tcwodw:16161/kvhgj4pef1w4s8yntcu1xbu38a4u2l6rcygznjamyqe?cc,1,4
irc://my15xksmhvnn563l4vgd46b7w7vglnmiipbb96scpeez:50566/pbya3iptap5xpikllbj,1,3
irc:// f6z7sv1mc elfqq:11036/3rgbruu1mtnjnue8smk8o ne2? ixuar95y 5jduj h l,0,4
irc://spi ii6kibfc8zl944p jdjd 8cav,0,1
irc://w vz66npt94rwzld3c2w bx7gl8y13or7vgs18kophhw8wus:29570/7jm sars82l6qbz55,0,3
irc //v8a3wapz4885e9m wygvcxugqsf31atzy6c65qq3ny35x5qf1czxkzmbxpbj7rbm82m:1914,0,2
irc:// go1ulhj5kjw,0,1
irc //xt8otvvge8r liaiaxzlkajwnve27or dfofng uuvys4749kka1m8 :37735/ f39? 86r b,0,4
ir ://58mafg86a12a2h8mwrmy3 u,0,1
irc:// 6rxcjy4:60403/lcrnxiiqhhspspttafp f2ze h72 i i? 8at78kndm63ekf,0,4
irc://d3dqy9wpxgps1f7yhqtmv1qbs3fo74nbh:736,1,2
irc://32 mhhmn,0,1
irc://v zdx1fzxwoh5kujns6hwamkm63o9qpvpya75msfuvtd2e476wnjjnl:56610/m9j ubi,0,3
irc://aw91h9fmaau1d6wlz1r5iz4jwzkep3z3psuoqfp1k,1,1
irc://gayhfvy5op826d3oi4owux5rzurobevgl83zruy2bmhi6b:16500,1,2
irc://alol9xvayn7872cjsjf2wu9794eon :53799/ 7kuat4   9qmcmzoces r4b1srgm?wkl,0,4
irc://v97boc5gp6ifd5huhhl3c7q47tu8g7libdfxqlm3697nz3wghactutr3:48539,1,2
irc://lopxmxvej9zkujgsmfzc7bodv4eb3fliedx7w3x4isc33n1gx:22070/piehaw,1,3
irc://o6az8vm7ndsj2elopwekvz2slnrf2ns5h7asq9jrl6fk59ony4528599:29800/l1r6gx5,1,3
irc:/ fwoa 9c8iuq1t 8e4p2pbi89j61sd:32337/s1mj uk io3 u,0,4
irc://g: 2207,0,2
irc://rgdqsnxg:20148/ulrsg8o51zg91olfvrjijz8u9ikrzps39gf3bsudkn292bqu19anxzl6if8,1,3
irc://c81z8ad973omttygd2ljntsbry4jsxzo:53832/swjsfkphb3swhn619v65br7qf1ake,1,3
irc:// xb6zjlvgp8 q83zksa:37488/avqkw pt6d4h,0,3
irc://d5ugjfjsitc76ss881ro3q219h1zenfu6vjvef3vlwdn5hfg8nali14,1,1
irc: /6r kmhft9pjrp2pxoe8g2m5hxk:30923/s4w1j596563krbd528x7m6 hlmzsilfr95xhqokr4,0,3
irc://92gd:55040,1,2
irc://jnfvirqrn2gkbu12rrvruw9h3i1gfvg7wvuki6jgyc4eh:42404/e7?3vnix,1,4
irc://ryornbfxni8emsa7vvikcziun2fl45kacg2z:39812,1,2
irc://n3jnkub5j81nzdyhna2besc2mtjgyo4z5p:21942/ywya6pzcck1b11?48u5wpz6pkgu9,1,4
irc://4wyjfwk7k9tnreta9b9qwd92whzv2w2el8cpx2:12750/4olggjkzibdgk,1,3
i c://po  pe9v16twg2coti891nrq7qw81,0,1
irc://azoxq8vpi gbtf4o5pkikvec 3dkws 4w otoesmf7vb3q9e8 dlu5w2v78m:141 2/xx4cm?3,0,4
irc://bbnaudojmjbyjaf26cjqwnhhge3p1t6sqp8wj8wc4cdswrvs78tbleyu6sr9kud7k8xmp5,1,1
irc://43slic5:58808/zx  47vha csb 1w1jyglpyf4o x2v,0,3
irc://gnk9u5fdp7g7ve5x 9z 8u 7airlt6 q6w6kqg7qxl,0,1
ir ://3u1ver7lre4tglay6l ijq8kl3p yp9dbhin63c31th9ghqvah,0,1
irc://bbaz1su8pnrm7o41keko99z2q6fxubmn99u8dp6ala9ahyssb9622ciu8v498,1,1
irc://ynjep9tatwxloa9fj3:35299,1,2
irc://taxxqc2ukavf19lwxwkygyta eakodec5:1433,0,2
i  : /4eiy g4ptjdc7r14byd zw1wweifsvfviqv9ip7jitlb qlur:38294,0,2
irc://o8fst6e2gthy3inhx 7lh4o5vd fd3g oznono2d6aq 9reit1zw1:63206/z9lxy6 bxro,0,3
irc  /y5n4rrgv4v ct9ufe56xxtq2os4luz j7tfq3 8qs:43072/ i59m dx,0,3
irc://efbwza299omckq6zlyylbf4jtyfxwngtyfj8omp1utavdx7sg6s8h:32971/whjr78cov,1,3
irc //c1sb  55atju4p91acic:55102/vc7itetz8texdibduuf9whxqzt6g8bkn97uzn6bv,0,3
irc://ycq7t3bzfgth2v5zeqkeu4fts7i9zfqck1gkyx6rdor9sxzlm:60917/ql6aaf54gz53zxvo?c,1,4
irc://hciz7ff5adsnnosxzcfbhtd2ev2w153tu14gflf2hn4nha7n9v8f7szbsl5re6vw:30689/1ci,1,3
irc://evx4kzws3wjac51nek32f5z5bqozvrx7a24dyszrr8p6zryywcjiveuk,1,1
i c://re k6rvly,0,1
irc://n546evb2eoyz2gyrwfg4etaopprip8w72z7avb:55544,1,2
irc://mqmhxb67fxfi3k1lemq7kz2bylwh2oej8rp:4594/clx2ztr?kvhr,1,4
irc://ew3wpp6kp9gmtodwe459hfkth7o74wl3ff76d1jp36geogbf175vy4xcu,1,1
irc //  k216v1v pu6w 967rzu6pm8s2dx7otr8yzllpqr5u9qk x7sar742m7d4:558 6,0,2
ir ://wtdn7n63ybq3cqa9s,0,1
irc://u2sx74uc:57893/lpn331xb6uh?wf9ig7zndwbi kb2wf7fn9prpm,0,4
irc://7zx69jheq3ag4oewamxlpd85911pe8fhif68xifcot68e4vfzjmxb1z4njjsn:61100,1,2
irc://i6n2kpn5gxbf1 e: 48 0,0,2
irc: /pqvps89hq5u xww5fxif7:24911,0,2
irc://wj7h75b1znjhn68r5ds ii23oajlglpo o2emlrj ze 5g pf1o1z9x gp7kkhrxtqe 5555,0,2
irc://ukhk6jw1a7negzunxfxyhniqs5y6sju9gmkqbqwh947zk67ls8m3wy4a2akg9m58ghg,1,1
irc://oivijejcxcsmx3gmc418rnj8t3xklu96xwu2flnf5r7v2 zn1:266,0,2
irc:// leyuhmrmxez8o1 3cjjvpxvr 8g74madjhopuu ig32:19326,0,2
irc://rboc2:2842,1,2
irc://knimkbck4fiwry5:25854,1,2
i c://77fi6dta u y7kysr9ekvkmi3yjlmt7ffs7 t  htfk qudlbo1l8wti1y9ni5bbp9q1jj b i,0,1
irc://s:13471,1,2
ir ://cogwz773xqv7b9axugkiyy61y9qc3gcp3wuxsem7g4m un7e8vte1f5 : 7176,0,2
irc://5ajiqycuffcudxfd69rqb7lpt5vn4me9dts4wpqp:42587,1,2
irc://dz42iyktog3ujubgqvg1vl7,1,1
irc://32ncqmmur1q7kgjaaid3bpmv8pfo5vob,1,1
irc://1lb93r sgh35nrlpm i 65028/hbgd8u8 a7ea j6li33ea9,0,3
irc://c1k2cmdanhtqhr6r1lwmkdh4y6:54867/iqb2jytn17wrsbysc4lurd6les1221y18ex?n,1,4
irc://k24yr317:105 9,0,2
irc://optp3dlwzbs2mr h7 z9gwdk1telwc w:1444,0,2
ir  //3xv5hf 2 2eznmgyn7tkvzd ukp7a n5srtr13 8qnrwa7zork69llmk k:41059,0,2
irc://8skkd6triru2rqyeovp4p8av9k,1,1
irc:// w ussdgic4x1y,0,1
irc://g1zwmpp7cjjijh91mik1bnw22crxk:15915/cs917hznxa2jghwdwbcp7i1n4c75cqtfyr6r,1,3
irc://nx1q96m9e72dql:5 38 /sacdeqb b7x68i2zt7d2umkn,0,3
irc://elu14ben lempuxclimkt8u a 8n3s 7hdx13hsxy,0,1
irc://a59np327iux6obnylws:15988/ags uz 5pflamrtakh1u9dpv829jx4ytyd8d2p58ngdde?53,0,4
irc://wu5dts3k7wsgfgsudkort3arigxcyknzqu69o545zyx3m7ug:12566/7zth2oddiyk?8t,1,4
irc://p6jysic4 naizm 8xgpwj23o,0,1
irc://8urq6asc8arjueq5tytxm31 xsbegbq vt6gcezwx5t1tkp3xzwdldbcxfiwv,0,1
irc://ex4j8ip95q99qmsuq3qm7i4cub2g8ina99le5em:61401/oz2bhpf6s?tt,1,4
irc://xys2ifp74g14t6r7wh2c4zh6cvgdsc65t:4510/hkscpyxq3v6dktyy?96vqyj9sa,1,4
irc:// wbgap6bfa6w 46tsezebeatqa2baf 1tr12l9d5it5twg42 v549rdr7r7iho47:64480/o,0,3
irc://w1xaajrm8yyuy1v:6356/lxnv626e2xtdvip7zz512zbq2h6a5pgsw2vo5xbwaxpy? 8,0,4
irc://x78t8 sv qha2 3nyyet g g7ukb 9fk 9wvrrj25osf83rjtc4ehi1 wser4u3vpl8:48676,0,2
irc://y qdcmd3wjov45brw8bzsatr2fxzup 76a8jcopogocr4747cfummz: 4785 krq2 j4e?o5w,0,4
irc://v2ww1v9mpojbhf2x:57488,1,2
irc://9 wk47fs pun2bu5:18181,0,2
irc://93fcs3ozullw9g3al6klyasziddp631emahs2zvyx6vomctd584v77hvnv4:31411/jglj,1,3
irc://8ee6 6z7puh b 7sf5ba5ktiums4 24hg,0,1
ir :// lckvv8wzxjv ru9vj1ycl uhcqm6yrf5jkwg shq o vpwnnrwo33t,0,1
irc://7bsjzgwc r5h28u721e2uxg gk96l61q4cz75u dcez 31lmj,0,1
irc://vdw3bj93pirhwtj3sjjfnnzqum3s85 elykw8rrebxtsgopog6y99akv2djht  2601/yqp,0,3
irc://3oazekesnr:64292/1pqtes1d38t45i18ang?gll7jp64mr2rraynjnq39w,1,4
irc://qfat84nrufwcu1svhiwkr3mve9wu6ksc49o6seb8cttcqagiv782p7ck5h1hpobtr:97/g?je6,1,4
irc://nihov95ksfekxgskw8uq4bsw8thxij5qv53brew5msd4ytokyjunrw3x31qywj4p2bqv:6/r?h,1,4
irc://7sf319t5xk1d9dk5pq328qdrc46immafwgwzhc:54668/d8ssox?ejjuaqq7qif1kf2sg,1,4
irc:/ 8xri 5gdf5z89izne lr86b2sxpysg4ofes9evsbh8cyiu3 1a 27h4kjlg6dfr5ps,0,1
irc://illeu526bkpxrns3b313qvgu7k6lljdvpvsbmywlmz1u7kkur3:36784/mmfo261ze5oy2yw6a,1,3
irc: /vl,0,1
irc://96sa4 yrmb5h8d8pvlcojjmc73ppa,0,1
irc://5bsqfrnym1wd6rba9d scvx2t2 wc8 l6jfeb4nefx1p13p3iq,0,1
irc://cmzqp9o6ndudfsr5dmd6cuvar2lqheepvcnsacresjv9t43xz,1,1
irc://tf:32637/w9ncgn458fupa418tedybdz91jsen1q1cofhyp4po6g2z?eaq4n33zozxni9ip,1,4
irc:/ hlcc3 8f3sww 82ro42awp4cpnlx26nmdx7j wxiahbazanc7gebij:58332,0,2
irc://9hvsf9eq4smbyk5hx7af8vt2yhfosjiikcjhovdov71y2:62313/f4vfz3ie8tps,1,3
irc://sp2zyh,1,1
irc://qu5qewvtszz1gt7jifkjnd uet23n9yf,0,1
irc://4o13yqno7ps56t6mnome3o4z15z2p74uz8uq1d5s4w1cfedp7pjbqm2rrv7zyq65nu9eeta:34,1,2
irc://b7lgqu38g7m72oadmeno4ygr4twd4a3afcq63o7y8ecjltwae4pb4unaeyq5c66g9:47941/a,1,3
irc://6l3 hdh3d,0,1
irc://a7u 6b 12ntff5snivoolh rc qbljdd y 3t1cer4akgh35nh8ga3,0,1
irc://m4txhqq16mt9whn1hte8rajej7vrywmlt9y85cegl6hqq9nixb7p7lut1psgnn1v:31611/y?i,1,4
irc://gt763zor1ugihn3sjlc1a8sipumiog5rev4qod8rxoh1vqs5hvozxm1gf6zl8ati3ttp4:73/i,1,3
irc://fw2ae495tmxok12wyot2paxvv3tpellvn2swmnobria7d:55264/1d8x3iwhqwu6?on8e,1,4
irc://4etsn3w4rnne3ld82mky9ht4pznjujfq957ulqr8t4o5h3uo54259xz6e8,1,1
irc //w7s2xl la4k8 82lg71w r68ps3jm4wpt2 yotvc611wkmtooi9nsw9gw7f3h:43804 kia?r,0,4
irc://57ahkn7lperj79 387b2wpolfdmkd5c3umcox9b7cr,0,1
irc:// s13 plrxqa5vxdj r:2348,0,2
irc://3m6e uo5om3,0,1
irc://o5orvoqgzuv rxk3ma9n7mob1fi3lz1crir6aoqm6va3ohiklh8yt3reba 4pj27:35987/h?h,0,4
irc://t2kp46djb5mqiezcl3w712 uqld3:15967,0,2
irc://orrkwtwbwzwdul1zrzf54f95xmdghs7spexrzpcsos9mg5e46lpd1i8:9094/2o7pj,1,3
irc://o3wbieznx3hzghss7i9329ut3hf:55393,1,2
irc://uqlxbojfpjqhy3ydzrlv4pdhq7dmfrjfnvuj4sh1kbema1gq:58504,1,2
irc://6ilge6ywsrho37783xf348m1gt1l44t412pnzjwkr8c7zutq,1,1
irc:// tu askwna2ak9m6y4g7zv9p9f7v4pg913x l19:55764/u6p1ld?9wgjphcwk4vw,0,4
irc://f:1465/jjtpih752z89bkui 5pgli9djxhplca oo764b dya 1vdhotw68?ko,0,4
irc://pfxmfpz6m99ipdu3krxrvx4s:46013,1,2
irc://juj4junm6iwljjdu7gtf9f6dwqgxozdxkkn9fyluqg25w1kb163bfhdwor:60024/tkgv,1,3
irc://5z3f92bp86evmsspbyj8kfiytlnki2z2jeute788enatw8:34670,1,2
irc:// 3jtg bdv9vh: 2439,0,2
i  ://xwulr 3o8ria ziluygxicmudx bfj:22738 p2e7i2plhmbam2e1wjfh 93zzdb?hy,0,4
irc://co4ojlrbk52cmzi7h27vs1 :20367/lt7med  u ctcpept6atplilcm4ntgmhxmy44t22z,0,3
irc://ufkhneo7fcgsdnvs3vhfbw9n7l5iijawuvs4l:34584/c7swrd77eg61tdmw5i,1,3
irc://t6s6rgvrs4jbowyajbk8k48j mgm3p4x2aoznkskkcx:49 /kmora 1wdg2bkpl4?m8k,0,4
irc://l1r65:597 7/t4v1isr xe 1 m2 3vyfph8ilyeqs2lcgrzlbk kcftui 1yz,0,3
irc://1gsivg6y47u697afnxn1:43799/eahllcu1pqbd11ey2kvvxxk2la58w3ryvehuba,1,3
irc://pdq2kzsw5qqnw1q4gbigvbfwkemoa257c6ffxbq5twi4hugsyyyev38s559:39555/1lrdy,1,3
irc://8mvtn2cbtpgyhh2kw8ttodgs8oglmik1is51y:7305,1,2
irc://kaz8hwi3lhnfn4bng9md9hrxww6g4urhqc:15655,1,2
irc://1a3y6tqejgw osib goutmehs5 x3v 2lelnu8heao96:19551,0,2
irc: /p9o lkkg33:1 829/yt7qrtjw gwtcnsx8pxip47jta9v2dvctmvxm tsd 2pn?bj7   w8lor,0,4
irc://ar 71ft599rniusiq k6mmhhu7l8uvzpscui85 ih3 84tjqm29 59 99,0,2
irc://mhaw6tjbxaa4j8y dugiunvh6rjuqi79nel2 1oddizlrub,0,1
irc://xvnrrivkpthjcihj k89 1nm  144,0,2
i c://x41 jg uj2n44ser 7zif99h6qh7pxe1jn zavzbwx815hc uvhq8oe6:20298/5q5h289?iyj,0,4
irc://q1g84p6w61gno33pbenkvn5r2h2ev4tglas52mcnff,1,1
irc://zfoimdgtkn7wnaaico2d824heq4n7da6pjv12ys5a3fdvu2b3c2pe o4trb68gwhvih:55579,0,2
irc://6y8azj tq8:31977,0,2
irc://g5roq5mggh65efissztr3b1ihrwfdkboyryl:48763/fhsv388gxaob1o1bplcvv?afz843,1,4
irc://onv9fppg1ndza87fl3rdefyqnutpd1msife641gasielutnkwqd:21596/nr896dx8v8rh?w,1,4
irc://kx 6xrbsf2uxbqwznaytewonz71wz6x56xk12hxns5q3tqxdqrc x7av3x,0,1
irc://84eso3dnt28zvowhuklsdpia8nwq9b38ncru9i5l6jmiacdy5oqhe5iht9qtvukg:16844/b8,1,3
irc://fc9f3h2x dukrdmi to8979ey9l1zhy7dn58ntgypdea6hyjrj1vy,0,1
irc://jut6ako 7twuaunao92dduxx up83q2cy37yi19cjpi3w79p8yc ud1xe8z8n de:63018,0,2
irc://c3j865 iehas48 yxl c7dlst97v doll2s98b4m9ybj89x5anarhaqxiohxq9,0,1
irc://cgkrkglz9qruqjuezox,1,1
irc: /tf1556 ueoji3rfjz34 ycrvplsdwf8cac wc p9 m:326/dcrl,0,3
irc://rtggfem48ty3o83rb5ozbl65pjm2dgyn77bow:8554/jj4bhdyf?wez6tgnpbyrpquj bnb91,0,4
irc://u2zjvfaoknf 7ds  bkf6t cw7muvucz17w1 n,0,1
ir ://6fel4cw1y  9bsbogbpza3t4vqrqby9nc1fp9:45538/mfb4574 22wx744oz xvfha2cbkfjr,0,3
irc://gs n1iqou8q43i8gzrxn4:14441/pku21jmbmberjrx815pw94zruw ? 416an59 xkjssypw,0,4
irc://4:52777/42jivkp41vlhby84gi37zfa9jkj2hi3?y74gpuxug9,1,4
irc://o41snfcff6gaxyy6h3s38lx4nbaaui:50550/o13cgkjkj17?3dxhvxxaml6rv,1,4
irc://whfggtnedekuv9daufu7i2buerlhjtbfmlslplvddbqucfiwhjf86jh694ztn6mvfcl,1,1
irc://3z92i5est2ktjrlpa4lu9tz kpti:19250/1n7wt6vpsn8qsbrsh2 q68 429,0,3
i c://ond74o6wnejcvph8ou4st5zztr53c,0,1
irc://iwpcnwxcx6ld:10834  olqzais52uchvsx55cb 4 nfi7l6sc,0,3
irc://ky4 fpw983vlgsuxldo974tilci i8wj3q6vio9687x2fjdktf,0,1
irc://hdavhojgur8rasg4y618h:30697,1,2
irc:/ 16bvii7gtsdtpdr5 3qe 28hy974pp  elol21s v9ej25471z5npjfqs9hv5 lzdluv 7,0,1
irc // yj2ld3 tzf94a 4v:34752/fbyq4lr1djp11wzyatuzhd gsj5 iqm2hnsg?zb,0,4
irc://cop:38348/mvvrleg4fnv1k7f9fwdo,1,3
irc //fioc:40439/z  4e797k,0,3
irc://4gqwmfyx6cajznekvhs1jsyfnw1qba3sunwkxwih8ocz8zgh,1,1
irc://e 3zp317mvfy:4  12/ c3 pv4dnmiqgpzk 3czte5?8 9tmjqpzh2a3h6,0,4
irc://mx6f7ymbpeanx6t69qi35li9ic2xedjhrxpnpfqy9airfwqcb1m:2838/y9xfzxs4u4p4wzed6,1,3
irc://vbfp2zhc7hadhrz5127db8p393xemn6wcjvmd4b8pgwomc32s:21368/z,1,3
irc://p7umdxp7kz6i5798cxiez98vfm2poaxalwdnr8smrv2g7t9dm69c1jaepjncv591djhq:7/u?i,1,4
irc://vzjtmspr7kjfkfjnse98:41742/vn5yhehfz41edrl2fxgsur1l4ja,1,3
irc://9tnks:60434/edi cmhcfn1azw8t6bhxr4naqwqrhj86fld9ti48t3kgurj3cv?bmd,0,4
irc://megnowkeoe47r3 hvdmdqvab5cv4u1dc8oq1z4jhnm5j8v7hlqw6sdazhirbgmzsmab7xf:5 p,0,3
irc://nye7 cclp2 r8x2yeu g gv9y 6rhemrp2y87rix4lvxijl2:3193/xgv29b78hdi36?716,0,4
irc://d9a3xtfgnme45x5hu8vqf5g72rpf8u6h7pw78sf:55139/zlszu42scgv?a8wf9pgw5fs,1,4
irc://sk y oiragr5bnbmj4zmt6tkahkaqhvkwhwp:35364/  kpob3hay et8 g,0,4
irc://fqv lhullvhoh j6i26j8x7lc3xym2h8gk38n8j jhcyuvlb9fgnuh41352n8acxu8:3 331/w,0,3
irc://7l681kltymv2lvr4cfax4htueq4xtdih5i cal8:4307/s8?vqg8msfcs6t 9f7tr4z7d1mqif,0,4
irc://oakxbe2,1,1
irc://z3773s26ixv 5bltlgt5ynoklbd fjr17k6 xyzi7mm 92d4 lj26,0,1
irc //5e izc9f 8mnp4blbjftw,0,1
irc://lkselqpmt4g2fmfq4wo4zqm:17530/he24x415wuvouxbfks6n,1,3
irc //ibuo:36200/lz6 26f hmb5ddaihv14vk  ?6pvdmuj66gnfeh74jc,0,4
irc://mubmtdtdu85qd6xhmld:43420/ju8tpcihu7ihypaf1 3rc85fz74iwo8tmrv95cx 2h9s?n6,0,4
irc://igzwoaox53gkypk3pzrsi7rci7zfuwulaipf5vvn3z:34328/5km4dw33iv3p?nox,1,4
irc: /h9h9pja5hf9b2uyzkjwi qsejn zit58onrlyj3xmap:39150,0,2
irc://cxigvp1p5qyjm6zjyghgfyfqh77mjpbnow5w63w:57186/m?z8w3,1,4
irc://gtegrq27q4l7trcb9epx5ubghghma9ydc3z1bm85w2wrqtd:12075/ldk5qxdvey,1,3
irc://hgh t5n89awacz3h6tlpfq7fm,0,1
i c://gicwbbvunpyh lm1yre8b2ptkazc447l9otjh1v u8:2 730/9c7fd5ph3ot1vfhmic5b3z?xs,0,4
ir ://igb7kwbobsa 22c27bma4 oaokp5ekrt9f64xxebpno 26cdi ujyzl 7e ky3bhny 47/9?z,0,4
irc://5dknj821uf94dpw2xa3tjt1bo1kiiav7ofjomna41et6vh14j6bozfl65i5lzwao1ug,1,1
irc://xwfbb1bqw6jegqp8ob5v6n4esy7wp894ctyej 9ek5r6moer9gtd,0,1
irc://vix2dbtpfws3vpdzu8juvok:28623/mbhqr6hz19a2mkxq24id?klpblf,1,4
irc://hzknt74yu14rkvdo9zai c3ar463qbp3x tlt44  6y gpyrlok52588ij8swchx,0,1
irc://2mkipvcovy14cmtjbw5xo7tvyl88nr:45612/tgqx4dj6kl7velkxda8?w41h8ebj7to2u4hx,1,4
irc://iy7w 57879/b1stfkzn89ayeg  f2 6h,0,3
irc://1x63fld93l3nv 1hqkl2ioils3lbshgxxkirwzhj5a 6,0,1
irc://vp77qaroe5xvr7w7nvvwbzgz8cvv3atwqzh81qqtyrqf43:41976,1,2
irc://46 s3:14647/ syeu?plmg27xijk9e9ndrvg1u49daq25pkij4ffaef3tlejqoismnjmi1jln6,0,4
i c://gum9c8cis 12284/bkiqps nlmruu,0,3
irc://2552mks8t1fkb18z9d4l91ipgz:5/3e7?mn96fyu,1,4
irc://9h91zjsji83eo3s9rxcnkhxhmp23foir989y26i e 1:24220/3wqek242x9a8uc4fucfq5?wb,0,4
irc://p79rq5j:2010/gnxswbudx1187vlt198noi48hel?4fflwii,1,4
irc://2obs2vhtjvypblvmkaec9e4sx2ocyghbzqo5s7lz:38167,1,2
irc:/ 6 l5bv76a3md5s irh1 om8uleq yitn2p n1ak:43393,0,2
irc://wiojzvq72kln3u2ej1rg4cc27r814ick128i9hexti1ddd4zaiyn5u9zesaio,1,1
irc://254jxdi3q156r4p49qh xy9fw74c2t h6bb3ym  :492 2/h,0,3
irc://jqcte3gnivhs9aj8a3l8uq6whp6xx8:2881/2a2x34ogg?l44yy4x6xpf,1,4
irc://otegtp2h48vl3cw6scaggkuk4d1d5eborsu4qa1h3v291em7krnfa63j:64306/o?jx9ylm,1,4
irc://tvh9tnnx:57451/j4 ob nyezbjwh8t6pyqnscain  k4b73msiej lo8xn36gxltned2lb,0,3
irc: /1dc97luxfshumix9asmrulv9elshr1r5h3fuq7pkmcdbyyl2p2x3d3m,0,1
irc://si73tioer7robzyyetbroz7zypvgmih7wqyz3h8sk6:16607/hkmt9sjfd64trh1qhdnn7l?r,1,4
irc://b9ss:22496,1,2
irc://pf17l45wsexicwpcwtqt15343s8ebyutvsabwu9q8f8spgia6zrwmb:33935,1,2
irc://eqjjt5omspyyn1uetdp6,1,1
irc //w lj2tyq5qg zrmc19yqdecmh 5w o7nn5wx5qpl5sgselwymd5w qugxf1:1 940,0,2
irc://uycdvllce4485fho48c4xlxq5:32226/roe616lm8lem66h9vgf5x9ga8mausmveldmtu21?fc,1,4
irc://uv9rho:167 1,0,2
irc://5kp2ssyga54bwzjjzdxf6xhicemvt7qbifyd5g9cky6lmm1qv46sefzgk8gr13r7ldlb,1,1
irc://zekp3oda5ggp2x4fl4rmf2pplm6jw7tsyfp4vmc2c2sd2gj5wbttka4ck2ys:29099/npn7k?p,1,4
irc://mrrjlz:22 70/2tkti5zzesyzvtqty qn94twlxa9g96c1e1k ghpqutmm9roj6bwb,0,3
ir ://ucgmof ed,0,1
irc://poghfk w2 9v4sbt7j:45560/zwectuqq7qeelubkw 2c2pspgjgx?r8wj1upv3qqwvn,0,4
irc://z8q2bx8ls:46466/msx4b?z8vy,1,4
irc://g59p2nfq34wdyw6kqkxsyb55:61375/xpxt5duvond5fm3o629v d?ix24wd14k28xi,0,4
irc://eq9c8i1kr6saro,1,1
irc://4r8n4l26ndsnqru:61438/cskxgwfwnhgapxewbg4o8g4kbbjfrzt9j8gimkf2jq4xk26k,1,3
irc://glmiizkso n3k78k tod4d:20663/a62yn uvphq c  l5q3all?ky,0,4
irc //ps4hro9yrdf2dfdavp9mdndvyt8xp3u6vo43tcbooig fohx1kbs2zoc:64012/iunas 3ej,0,3
irc://me41xdk  v lcyy2d9qli32of  ilo9g2olhp3sms3q82lzu 8xf4gus3r4bpg:22933/e9,0,3
irc://2r6u9nrhfyunjlv4gm4eh:65357/j5t1wbqz75kc,1,3
irc://1oj26akalxehk84389ejhp3fxm53m5yxmvezeivgxyqw9xc7462hddh1ruudo3cqr:7/xgin?m,1,4
irc://pluozxcbg3tw7zua13s387,1,1
irc://e1kowezd1g87zw8hrammpn76jbtr91eoawqqms4bsv36km3cqii:36268/o,1,3
i c://oj7z5m 42597/pxe lfcla zq8ji vmx4adk,0,4
irc://o3lcfod49 zm88fkhd5d3rwr344h7tzszg wyanmkaqqxyk :4076 /d o7m66s9qk4 ra,0,3
irc://vs3 osaynwsigxp:18353,0,2
ir ://6e9xrgt qmrf2i6 xa2lt2bag6mxpzyg nwe1u 2bsnq:51849,0,2
irc://wzzjzj41ap623cqw9blxc:17374,1,2
irc://j4npgm6xhmnhz eb pc6p89yf4,0,1
irc:/ umqivnm7jycvnjxlri3pn64dnr98icjec87uz2u4uxyspopweih8r:2850/v7ilaimg,0,3
i c://q4gghwdsohrlv7brqaiu4 3 27/29lox1 jc8owrmc8d,0,3
irc://6jsdf6s78ltwv79v4w7by6e9mn8183epsawtcxnwh184g6suu9cvzhcoxarr,1,1
irc: / ctmkod 9sobp9pb ftnxrmxpcsdttdtc7z:32908,0,2
irc:// hcpgf 55 bzq95c  buj1xe vcy8vluqvjlhicoq3njvi623:29958/3d vr9odk5xo,0,3
irc://5xhgb4 n:54963,0,2
irc://7gl9krsj722vw1f6q6iuvp85d58:31757/69ig45,1,3
irc://atjq9ys9k83bbnngy8ab2qir8:60737/wt3sx2iwbzvetjn8g8e5eqh?z536cfhxk,1,4
irc://ewcjcefrl13wa8g85j3o6evddfed4d5,1,1
irc://w4jjfp9mxg16m2ez4ajlyhrkr6xex4dx8tfvquyypnyrwnwdho1auii9mj2n,1,1
irc://tt5vj:9336,1,2
irc://gzt8qsvd:25581/n1qdqa4b6787br5wfxs7zcctybnduig?m87z1mah432df2x,1,4
irc://8xqmw2yqpoqkrc1wemjnotl6c7m3xed13tk2rt:45773,1,2
irc://v1jlayf3rcva51sts6c2nrltzqi5lciqbymbbcordc5kya5zk6c9to4kcijk38qhimkfn:72/7,1,3
irc / 21jrj31:19093/k4ksm9hdgdmiztm?36vsli,0,4
ir ://wn3azi5z6gshpdpe 2x7dnau z4eiu1v5,0,1
irc://ekve9w5674rqms3cg1zemgmdgnphp,1,1
irc://8tql5k7mvtkltbd7ka5owda3oer45vlsnwecdxn4lar6u:12438/e5q4,1,3
irc://ho867y5oggydf16zdb3kh:13627/ud3r8nfyh5d v6?rwkjgud5ugp3aq,0,4
irc:// cubi1uc6jjvv3jgpw61v1o5cxlp4y 9 me alzfw918l:10118/ gjxjc72n,0,3
irc://3q5lcd3qdcy3x 997lt3sf5f3fa4mlv2tsmyuacb2yyeqcqerniz5t5jz8zu232b8g86:1/m,0,3
irc://z:39555/u  jsri33aefo8hkezylujc1dyceu ipepd7 y991 am uhtgsu3h3mpj,0,3
ir  //mndaaz i2g6p6icw3knxduto55p27 ho3fwpz3zzsky1893d7czzga4:61239,0,2
irc://igd1clrlzsjqk2jpaofh9h8w8qcp8:20768/h cbes1mn6cf6l i8621ofoptz8ks9hpnbkcy,0,3
irc //5fk7u 6u1kifb94t8a x:33909,0,2
irc://cpci3iui4dv3kr16l8lev85vo1x:34462/rtqqzadwlwi67jfvnl2yzmfjrel6,1,3
irc://iolou9aufanw25y6fdjxe5rwap6flwm9g1gd65v87wssxkk9mzo1itw69oj:1215/7?uyqj,1,4
irc: /8ytojz1ke4dj2be26rjo3qfa57yispezimzc67ehgku,0,1
irc://xs eorv 2 pmebohm2xzs7v1muxgo:21 10,0,2
irc://3qydnjcnomwlyhuidiqz6x8a28fnt69av8qykxpjujx1oxl7sf5sc1uv:9575,1,2
irc://kf4tb3n:45915/kkw54x7dwo13d4fdmgfrcs7bkl,1,3
irc://oelhg749sykcy7fiezalesypmcozmobfas8m,1,1
irc://be7sxp8olil5tks7e41d71xogt:56581/9mvr92siba9wjr3itqxte68vashz3iqkw5z2uh?4u,1,4
irc://w4kj xxg:58882/jf gzbcfo,0,3
irc://jspl:59555/ jbrm4tfu lj,0,3
irc://w9q 3u ji22c vmbguw7wlkge1b86d8omx qg3gynp3tuxa8hfnz:21830,0,2
irc://cxvzbcz6y7ccuoqb9uabmhm8rl9y:6 46 /pe2ojgboe1 i6rtxyvk1nc mmcwvck?149xlv,0,4
irc://8oi84csyr5be j4whbmuptr33hp8 q74hzpg7eowv1ezmzk 48n:18827/yv?j7mh,0,4
irc://aiu3r9z3vr1cgupivb6lqsfknlp37bahp8usrlm3e1hkvn8e4ddk99ycrqxff:18091/o9p?9r,1,4
irc://vhpudpcmujthy1h788ofg9imezlykmw4wmwxhx86knrxr92l9yxmjtwou1kjeh82m4m,1,1
irc://echl19vrtts wq34w8lg6:3515,0,2
irc://ly3n zgu318te63vae4eqr cx2nlug7plulu :12456/bdalsijlsf9ebt7hzsj ?xu4,0,4
irc:/ 8bwv2w vel:3336 5aldt3ji v,0,3
irc://9s9ekaxoj9hmf4ed3a5ulj122zd5lt27j7ne7lhxqt7v7bp7nqrqvafgfcoeo6naa8bbic:4/i,1,3
irc://fbcbjk flj 4r6dwhiz1qcg 496myn56amkg3r2xtvj411ct jeankwbwcbyaiwp2m1 :4/h q,0,4
irc://xof8p4itvn3ad:42641/7dbgzes5dn,1,3
irc://odrjmrwf z8wxdj2k6x7a5juvrcu9p2xzi jzruilg3w11atos l1a:41418/xzr787wauc?4,0,4
irc://8pyqnn9oxqe7:54183/u1s7uo8,1,3
irc://e q7iqhh6p5wrg8izhrf42xs8d3uchtszo33ud1 3yof9crdrsw3inqv7h1c:58913,0,2
irc://2zxg1fyboszwiv6awb7ewtq4zap717gf54k264ta9,1,1
irc://wy2ozloo7rfag7w7o38iq6hv8p:27099/xmzlftwohkunpihj9e9,1,3
irc://9m8yhle5voylw6q5zywahi7:1219/ek3l312scojaaxx74q1wjs?kby,1,4
irc://5hn5wt9xuajq7hh7t2yoxmsjn2gh759yw6hwh:36494/vyvkyk51,1,3
irc://m6qbloxd9c5ddvvxa24p6,1,1
irc://78c5tar8gfpjy4ecwt228byj9zdclevlk6qyimcsyfeg6m14f47:8275/nabfbodeun4g5,1,3
irc://w 164t4v5xj ao 31wb2:38409/tt7ajtomqkl7w 49r?yrw,0,4
irc://n6jjbk9uqpmo4elk4ka:47049/yhu3iw1p6122x5mbehyh2xjchiwvfvo,1,3
irc://gb8qag2udmfkrjxn3,1,1
ir ://idvmgot7ownjq2cukxoda1:64050/hsy6g4ywawenrwvak1gpe5iqi2h89llnir?y 7coz9n,0,4
irc://wvcz38lck5riyfzajyxiy5kbthzkit32a9ty54c2vjwadk:29300,1,2
irc://zqz8ppyjv3f ugl1knr nsvzqn82hli5an vp:31211/gc ctlrx96 zr112j1la8bu y3  j,0,4
irc://7fu53vacoezkigzig5b69omlzekxaw9opf5m9ee8rxg8ikrze66d,1,1
irc://z78y1mnoblyzp44w5olqn8qormps8q7suxglg4zakl29:14197,1,2
irc://rdpcbc:64597/ghftha1r1vhva895qucaxcmjbhzkxqzmt,1,3
irc://c ckphaz2ry6,0,1
irc://ll5fxjdnj5zislibxzimj9d te5n i1dreibi5o4x6zlpkox47t kmnr1an:60546/3,0,3
irc://n4a:4841/p76fah9ntywxyy4emv3kiwsmqfvenx4digpwc4enu2v?a15kzsataihu,1,4
irc://kj442wopqowdlh4g d74n575yajzdk5cbdwmmjnnegbi:59401/szf4n? pvgqxdssmms,0,4
i c://679m3afx118koa2asfyl fhidn655yfs8sot8ct7m5tmnyx1refgzcgz9,0,1
irc://nf,1,1
irc://czmsqwoiwf961ml1g289ij7c711qvgmtjhm3,1,1
irc://onnjznv9zpokdcv2h6l78npmazn6u4m8m8zmxgpiwgg3mbsuhd61n4ggofv1zpz3x:11329,1,2
irc://ie3wqgl4q738w68uum4oa7trh2hfhlw2f3n6bv9az3j1bwmtn58a:9720/lqz5u3wp8vbk,1,3
irc://h64xi9jubd64mfebhkl3zsusijur46w6dgd8v78o9zi6x5wsxs44w3dfr8z7wp686ei676:1/1,1,3
irc://wnqsc6bam:12390,1,2
irc://qnz37puwtby87afq7fjqapf1tfzml9hi2hzubesqlp11cp273sfu76a9w5ltl9nlmv8mgtkbl8,1,1
irc://x6qr7vbv826a17z5tolwajzvgec1m6zr3c:19923/o8u,1,3
irc://lxh5ssl35u7:24961,1,2
irc //ek,0,1
irc:/ ty3oex3v711gn1jre  kz c4s2u6vn6qhwnt8hw1n1u1ylu15v aenzh6ys72zuxg1v 8/q?d,0,4
irc://f8ax39n1hiq7z9c648n7xmww2htcezme:54997/powi36afqq662rg8alojzwfcm4vqg7h6,1,3
irc://gt67q9cw8bzrpqasmoj8dtpg ec cgqz8n kepoopo6sx5lki 9vrr1l95b8mj7: 06 /d ?5,0,4
irc://tazyxzoow62rd8po75ftr wi2wccui75in44q  7692/3dclmiu s jh4via q f6oi,0,4
irc://r q8lskwb8ehj15htyrjylazzj348 1  t4w3h8pqltp7w7:6813,0,2
irc://yae6gh5a5ykpgb5yc1t8nsci5uirpjozs5od5,1,1
irc://n3 rj4l5s,0,1
irc://2vxch114k982jubc12t9h1n9zuzvryrc4it6w9yit7x4or9zp8pv2q:29674/q82r?g,1,4
ir  //42ggyrko91rac9k8d,0,1
i c://s8ig 24847/zshxd5farh4 71,0,3
irc://scewa6c92a5qehvq133tcezjku24lce7nd1xwz7rtpes6m64k:4033/df63mvi,1,3
irc://6suzvnhdqiot7972qsicnshmps,1,1
irc://5l8zwe48ffo5x5z3rgfpwltbl,1,1
irc://soqzwyddwexgjh4jkepi3pp:51894/l,1,3
irc //spsfcqj1vbp43ceuw:32746,0,2
ir ://rlti o fcnp gzdjww4d1mb9ps5mrhzggul642:56824/qu4gfqjumgjbcy9z7c21?kng,0,4
irc://99tgqqe:64098,1,2
irc://wsr8v4r265gewiyeri9kr7r6hntfwkj7ft39u1eqbs76m3t,1,1
irc://bv c6 9n4pdiuvrmqggkflb bi6g2rdxh4,0,1
irc:// wzm8f1ie4e afg,0,1
irc://vtmclpg8umj8q:52854/bnp4zp4n1dz6agu7sy41r2c4d6v7wqqxo1,1,3
irc:/ 5zssjdmnk9e5zdht1p1fwn8fb323bc as2sj3zv 6 700,0,2
irc://9ph2arvgujq76fhuejcmukf597fd5yh8cmvizh6,1,1
irc://t:29746/waay?dpi1kujnlslvleorbdrq14,1,4
irc://l22dz7glgmq6n4z98e7msjdfwaa5db41pcrajwpr68ln85clgx3f,1,1
irc: / tr2i1q 3pss47c2hpw4kyoug1bgji3 b7lgf:53491/xyz2yg,0,3
irc://9q1ro14pc:62998/q4j1kl9bkeb9b7y3ypglkobog579zy5h71pwdxnvg2yph8d51eqp?ae,1,4
irc //a8ymhsqizslidqmv6vlswc1  fqlub2geq4w9pxtxeq9n6cnxn43tgn,0,1
irc //u951p1fg8hs,0,1
irc:// 17csf3tmr7l7j99hglms2pkzsq4mw5re4haypmi8uhy:6 585/du8ewf5aq9u?a6b,0,4
i c://ayes8t53tz2uqz:43508,0,2
irc://mpvfjabbqfamiq2llcndd8wgq2g jig 9eodichtwe1 xkqqsw31ab:36180,0,2
irc //i2a2ypq9wk8lzsz66npyydcc6d 6kga6t3h3a4  el:217 5,0,2
irc://x8tzobp9s3ucricnlg3cuh8b2hc6awfdfwrstmim3sj9mnbjeum97kdbmpcmj94:28450,1,2
irc://98r3dphcjtr9i:54261,1,2
irc://r evjqwflrc8jjrfz6a52t6wrub i  kx:1648 /cplohe4zs6227gmel6?z bh8f1tcrb f,0,4
irc://utx43uggh2x45k753zezgiahiq8iyxkae3mjx2bvxjeu6jwyp:15567/ho7v39szbrzi74buu,1,3
irc://eta6wfmuqu9dtfa34vyo:33686/hva546iw6zbbq g5q8cplcjl2,0,3
irc://jv676yg8ei2x4v57iasmukphkedyehn:15678/ajy2fo4mk9rfffewc9c,1,3
irc://4ofcygtzjk5shed33brqovj2udk1fs4qd2o8bdhmxmfo5ncyssa293swl5mlviv:27667,1,2
irc://uofy avuwcdo9zv3fbhfc v 5lvew,0,1
irc:/ g6zi46jo9192bwr3zm,0,1
irc://5n5zvzb ib r n 37uriyfgb6cnm dhtlnzoeyr6tysuilkckwoh 9xjuzu:43204,0,2
irc://vjf  kfh5p l r 9mc x2cbk1kzfb38tvuov19iia958s4ggbi9v 93p:39617/z?qgw35r2d1,0,4
irc://apcwviof6yoxktsk5rlr2ovedoksw4293b8e5xc 5m c7x7m99a3ivx4zl6qz9p2p8yk:51/z,0,3
i c://947fny4tww frh4s4u3ka7icq5z6tkoc92uym6 3 d7sorkv7eiv2p:47394/ qv81hh9t k9,0,3
irc://x5 lrmeo9wo8njflxeodz4wcfax74rdqiz2vktss3z9hvew5l1l777tsa6wnp,0,1
irc://esqlim46e4v6iseaherye4cghxqh35ln2mx9h5estun1sffy52dyk7rxt4df23dvg11:29822,1,2
irc://auqrr4d42fgdaguqep5rk:35809/8tpuhq5gix2g2pohmt8e59sw3j?uvf4ot7xgrbgyk9mapr,1,4
irc://twva1cqhcr8gbnqbx lw z,0,1
irc //nc3x nly29gw6 2 ha4mxay2 s asnphougrc7uh19:49391/22bed l cjg zrds?7mqcrel3,0,4
i c://vg1rkxo6xxchsemlg4xa ls9ngxpywg:18474/vbdbhu,0,3
irc://jz7c6yiwvzljh5187yo4jxwt8okcsn9nfel1zr987z4db3lp8w9643nuazbjgx4v:53277/ms9,1,3
ir ://3gfwby9w:59522/kem36 c4lbgtb56cr6hq2 o,0,3
irc://ah2pvdy1fkm6ukmque77rcp6euszx4rnuncf3elnr1vcj8mb5d539z,1,1
irc://palnc2iaa525c7z3br578hn:16963/5c5rg2xluch28ugyp1o7islafbu21z4v6ue?jt,1,4
irc://tjcvxxpkj41mlj1fvcydwdp4jg:34627/b57lbd9y9x2c31xva6b28239d83obm,1,3
irc://ezdbqw39ifl4kvyln7jhgi18wmt2vfqynqstfciv2wowxk6dplwj6sq6hg4jc844kir5r3i4:6,1,2
irc://qo8dzyvilhe4y5ffxq9ncoewda,1,1
irc://gewecwsknd55jya6kfqrw8zcn9o1tfajvzof92kfb81thamr8b,1,1
irc //dl2da5t 98s4aurjtfkbr oggd64o8o 3nsr 9wb3y2gdyyflpugjiem,0,1
irc://bk4vrixmo86ahwmmv9s2kqz5mayu759bdoibkvqpuerw,1,1
irc://a4ze 6fekzfmnyz6u8t6dw6er7ie7i5zobzccu7zo ny2f6,0,1
irc://qug4jkuucajc1y3n33r95ihopffopilrlzf49h:49586,1,2
irc:/ vhxakrrtxd3rou86j26xv3iy48w3zrse7grmofpsb qwd 4w4 3f6d3,0,1
irc://grj:40014/aqax8oq85t9ggkqzlhzz61a31qqt9ss9emonn4mrrdbect,1,3
irc://hhh1yv1uhs3vdtzfy8ut9wayy:34761/w?cgobw1,1,4
irc:// j,0,1
irc://s2lpm jrdxlp745eiak8r8db4sau8 enm r7d49lhkps2dch58ln6war:43277,0,2
irc://ar5qq6ond4haq14o28zf4zk344y56x7wyoedcr6 7h xm5q6q2tetnwnkwi89 pj :10422,0,2
irc://f6xloutam857rg gycnrm7l nu4vqw8jvo22 1:1199,0,2
irc://qv21dgw3 j:60205/u2u95c16kp8bbdzgzu56rozdf ib6ddk362edctbtkvc,0,3
irc: /mk9kjbc6u48w1bbbfx2kxto86dtg5lzlio831u2bh:25743/fgw4wcpoyxdnnxzlwzv 5b5h,0,3
irc://mtpnsk8josw1u5q9b8s t:46471/9qpqwm19leq4ho1cxk96z4q5ibbjj,0,3
irc://rf1lsc8bj2r,1,1
irc:// zgcajqcsyz844pafmereulyjx:49480/69eciadzv8mrwlx9rcuf4umpvjsstd9,0,3
irc //ywoqwq9j:9484 s2cb9i phhp7ep r5kn6?9v91i4 t7b,0,4
ir ://99s4hw6m8ryx33uls8j2suzreacyxe2pu98e,0,1
irc:/ wr8gdyok vmierq5ld4 anrot:52492,0,2
irc://l36n4tdglngr8hmewz6fy5ft1rn:42378/u55j?iuzwhs,1,4
irc://494lz7yqhygmb47jwhkjzvantll2kwmpg5bmjg:1886/sxkh6eibampgyd8fk59ubppz4g7o?j,1,4
i c://kapw:193 0,0,2
irc://ngsdrd9bp7xcplz8dhy9qoy5k66ltekn3qdcv6bp8vfa,1,1
irc://r7gmmdus1vqatkvd2g j4 gfvcsltph5t7:2322,0,2
irc:/  c2apjlm:14796/7osrk69rg1kbu2ya1so4?hx,0,4
irc://henm234:4 858/8 2of i6 ftz9go mr6sncqku5jz tezthv5ez3yq778ftmbs6,0,3
irc://y2icqt8xh54knjpcbiapctfkevqf3:55237,1,2
irc://zlmuuusb2z7uj2n8s:28101,1,2
irc:/ auvpluct745:52 96/3qa2nl17yt8els9vvx3 1ow8hugqpzq?clo7ow64 f aws6,0,4
irc://2k5g4gajynmgb8k8fxx:32994/oo42yubp3c99?73 73bpzpdgo914jwgbs9495o1hhwgqtd,0,4
irc://br1tvihmmsphr87m8oklpj:10055/kwv1j6f575h3zs81hr7pqzfp8ti6dmm6k138mwbro7w?e,1,4
irc://8rb6fvvi84w557hgiyfxcbs2ctsk376ekt2lu7t25dorjznoxt4m6ixoxcy9y:41033,1,2
irc:// zexdj8aakgw15nk9wacxgjt  353v wep2nfb4iv64o11djw1r4lxi:57581/ x,0,3
irc://y9mrgast79ni6exw6k3bzk7kdsc1i3xtm25818a9bquyq3iuc7wu4nmqg,1,1
irc://zdaegfnjmiqdyf8s7u86a94wusq7kt4ljkuf2hrvzviv71tr63hl8xcp9uq:34483,1,2
irc://664zo5b6jfv87n1puuku6yava6j :10451,0,2
irc://idrunmzspsx3rumnphr f8om69l15z3oj3ph7 h  pti6d7cgtd fy79tkvq:523 3,0,2
irc://7hdhplitlilug5z7xnxgnysk75mdq:15191/qsx5yl37tfa,1,3
irc://3: 05 4,0,2
irc://4jg c1wljq87k5 3ybrs2awv2s825 nsu9a ej sejink7rvzmzt  r9hoos4hr89oz7h 2/vj,0,3
irc://k2w7xsiqe1:42499/28m3dj2xu1z8nt5rmguebavwpd4thj9fbck2?78ewgaxwm9,1,4
irc://ff6diunbmedqa9jmfw8sh1iduno669o4frkd8sre33r8as6c8dplw3fmslrmkht4czi:9/z?h,1,4
irc://o1jpbouszo9baoiu6gmhhzqs wx2vcnil6mstk77a1pr8pdojp:40802/vn6d?pz9puvcxp,0,4
irc://9eflsm6mhr35nst9tdjez46bzmx1t:47297/8?mqutxh6euh82mfqxdlj2ld94z4j77u9yjh,1,4
ir :  a augw113oflqhyzy2jczxsvr s79ox598kd6fow9k2ythvkjnwfe 7ernesm8v56bub8s:3/q,0,3
irc://kwd 95mo857pdlurhc86f6d1g49qacs2xfii,0,1
irc://bw 3vo:45547,0,2
irc //nby5w3n2tu5q diep dncmfl1u 24icuv hq1ugkli9,0,1
irc://q94ptm h42xt2eu42aza  a1q8bctd6p2bw7h:11562,0,2
irc://mopwbwt8v5i877e7tup9u4qi4do7d8w5ls35tj2gvu5w:64338/kdrqmgcdij4y273o2,1,3
irc://p159zlycpwiygfd1 wi38xypkuo9p dxg uv42428s2t3zr,0,1
irc://3zk1ot3eb8fats8dnct63bgwpc3y91yd2v4318edgklzx4fzgmgapqe8ly:51660/8?lrnu,1,4
irc://lanvmifm1xvw8c141dls7nw7cjqj:40178/p32gsj8e,1,3
irc://6kzzdw63r35pn8db4jbu83zxk6z5qn65qqpo88zk3tbf886j22egunxc,1,1
irc://gh3 dv9vl1i2d5in8 duhopd ray2xwkr921mvm4s6kf o95wb zpooq 5ue5 ggrq: /he?a,0,4
irc://gtbospqe4nx5qd8fkurokh6ixsdv2ech1:51355,1,2
irc //5klnn4tl5y6gb3uqp f  ic3w5f 9ftz75 uahozr su83:481 6/aygndsav6hrwk3h,0,3
irc://qnu2i25uiun4cmpk26zy913t3lkzg2rzos83aq e 31186/5bucr5w73h,0,3
irc://87ksnevq3n2959wxqjixdrsxaim2i2dt679xq2dq98ynh5zfea4tv84jmrwmwrp:35670/v?q,1,4
irc://q76huqnyk2w84noncqun1btuyustznm5u94uaqb9w:13435,1,2
irc://ggv2bwvgcjeii3btd21fzaay3v83h9l6lzvqvconxoofepeo8m5to5l:21188,1,2
irc://yhvoyl 2ds542oupxhcgwyw9mssd7sluv6d5,0,1
irc://6662ekdtpslvijpzp17aty9fcrl4li5j:46806/ylm3sqko97xp5?ubmc,1,4
irc://i 6gcv8f3wdvnjwfusb239qw4f9g jlf64f1j1y,0,1
irc://puiq1rkk7bdvo47rxu7xmgcczf5ur859se2qt4zkfou754aqjp527sdi5r5:10262,1,2
irc://nsbijmmdg7yrayks6rb9jug4j8pf5xs38oza4zm5omtm3f4vu1s5rtms1eyrs3axcw,1,1
irc://7vm5l9i9uul1biofdw22d91p261btydigtfgmb8adobw55gdtalbsyk:8172,1,2
irc://v5zj7ujd5am3ovyezckbo8r5ohy4a9qbwtvziu7vnp1b8uydc8xc2iabgjnjpx7cj9txoh,1,1
irc://9f5ut57hfmanb mahcul92warzv2sclg4m u6,0,1
irc://7mx1os5nt6tibn7xxn6cjmdfyuwkx93qjyl4y6h1du44l1ju74yjfyhmoosi:44954,1,2
irc://84l9tml871wnf5pegic5gfkk4s9kbhu:60960,1,2
irc://c,1,1
irc://hagu9txeryyo6at:55320/2112quwef2hfv?5ch7eb,1,4
irc://kvkrqz8gvzlv2zk2e1ltrwmt9rzmitjxyw9h9qjtn2rtc7pt4uouf6xn2kz5k7jb:14543/t,1,3
irc://sftn:9013/ycfyacgy188qylrv6t912gmwjg2im2gwub35bprnpw3n6pbl1g5padox4jr1vv?d,1,4
irc://ufcue3tmij82a9eajs16b9vwx3dcnfh18e,1,1
irc://g3cbd7etmnm4radmepenm9o:49191/6jpdpv7vn89frj4dq5zixr3xe336l,1,3
irc://vmop5qybhtgl28na s jln96:59240/zmftesoj992rzokjxf8htgj1mi,0,3
irc://nsg2szob9ji5t9pkqxvbvfqwu6jwpy2ndxhzyfnpun5w 6jd zl7jjlf:170 6,0,2
irc://4lds8pg6hn5ly342t3v7uu6whyoeonzdqzagj1sizxfx8k51b8,1,1
irc://oss iyb1npy,0,1
irc:// 3il6721129tlt 2o7p8dz9xdxvrsz2y 9wdfoye gp5xiidd3jub,0,1
irc://i7uzb:43 82/ qy1ve222lh4zsl7iq4oa8 69x6a6dq d629lxxf36qa6yji2qn?na a3d,0,4
irc://y8s6gnatjw42kz6ac71wfdboq5zrpefjg8lc6s37v42nav7a184brg8qrpnvl:64665/t84y,1,3
ir ://kyhycvl wue iv7xxkgy9hlf2k,0,1
irc://tuhzzrdjfrzd578u1okjy3wmf7ai81sh:18550,1,2
irc://7tyolm2xdidmg5jwzv395i2d7jt55xr4q2r1i6w2b88:41825,1,2
irc://asjay1533hkb1lcs6vj3hu3ki7g9o7747y958dpwmiyytcb5ax78k1ydvqiqp3:5177,1,2
irc://2f5jo8ot4dqvoxuj8xz17ayakap:64886,1,2
irc:/ 8d  27kgq9svv3znq9ipi1emymw7m7iylq7kg8nmkf 8 gkds7f9hdq7exm zznsh:19242/n,0,3
irc://919d8wcie7ly9y3qojdugfqns1mq7ib7t9vrktdi8fz3pilhrkio:39471/m2x?2xsbnevcq,1,4
i c://s 9bc aslc1d4iah 5v71zlc2iq8rg pi1iem:64375/ppjr61vqv7yg 4ytv6m15eu6rsle,0,3
irc://d9b88vckmbrttxdfegdkpn7wvrg3qwfepp4yvro9j7be6874sh8snfoton5:26549,1,2
irc://yyatv mkzb18ohna9mrcxn8zmtq5 3z6x xkfhnputqzda9c9 rog chgpcjk :46032,0,2
irc://8q6 57 qe3l9msfevlv11tw5rognjcuuxjkgg8bkv  9zcqmqz,0,1
irc://13x46bapea8zniam14uf1ro5wswl4of5mizb4c23m6hj2y6sx:36803/jaz?n,1,4
irc://e4j82a6a7htznyvn147r8ogibeau9cadwpgfgigr56wzycghcfqb:57119/ick964g4?oo2,1,4
irc //phpd77lwy hd 5gt3m9d :2851/wtsmbd93a9u  iho8laaventjw147i8b,0,3
irc:/ kpyeekiksa14w1godyw612mo6wxxknffdjkuvurmz7lxf8um1dhltyjh36bu8f5 nz3imi4:1,0,2
irc://o7zh1dxb6t9vetmyhchovv9ueupc8r85qj:63246/vljb,1,3
irc://1bkmvwo safhxki8:50261,0,2
irc://v2qopkvrjxtwlpu hvz gb646n:127 5/preo,0,3
irc://39k72kj,1,1
irc://ca61i1zl7tbfjsx2pxcd61x45143jfq6oia7ssrb2c2ozcxw8glnmxaol1p13uupc9gvuve:31,1,2
irc://avtevxeg27ge6pz6upegbemsags37gdbsjmjrmyvq2nhodv851mxn485pdldcqhut:6/od5h?u,1,4
irc://7slxpr4e exjmat71cxlxcd5z87rf32hu9mwvi56p2g ail8yohd2b 4p2wpxa:57068,0,2
irc://f1ntrmwpbdrw27qf2z9s2txe9txhh7uvpamxbtlbx7err931d:19820/g2vgtmb3xf?iyry3,1,4
irc://rdmhos2yw44133fjnefe24:58096/blqucqm3,1,3
irc://nt39p25vhu6i9sorwpninlucoat3grjnc7zbv8yth,1,1
irc://yhrdhjilayc44w34hee3l5wxi4uyopkqcmhn7kdk53y:58866/okxgb5d?57n,1,4
irc://cn jdnv9 p:22 71,0,2
irc://n48ftjc7qqyryn3d7w775xz2mwewfb1cnaofh5tm 5mo91zyamefwoq4c7n4juc zz:4018/lw,0,3
irc://8qwjlc4k13hkzyk5ndr1ijl74rsmurizx3axh6yk:21917/eso,1,3
irc://wti9997xouqzlwib7j5eplyzrerkalzvfc9orn712kyrxx7tndc1:61122/gtbry,1,3
irc://fr8t1uejfiq2kp2efm8yzjo88l7b8vu6iz2f1wskbr8j3y6ufmcpxe1y:53040,1,2
irc://2ct8osdl9x3dqgmtw8lld7ne5bgkevtuicovb7o7:43448/pk3wurkft,1,3
irc://pq8eg8c rzpkzas64j1hokeoqmeagcfbnymxbejza:29032/ 8ptbe8ptxuw1mxwv99oce5,0,3
irc://8nfcxmn4rubnnjd167ya6 nz1ce16dslgh:60651/mzco?issu13lcckkiceocbh11y9d6 yco,0,4
irc://qiymmja1ufrnejobmx  qcicy5w34pl3gowlw36818przj3c3 u:52065,0,2
irc://fev323hau128pl1,1,1
irc://fmnke1d9fwoy7currs pd,0,1
irc://8qk4xgrho8hq96 fv45x74xniyc e4owbsu:13263/8pqq?nl2nyuj6p476c1 2n8 81,0,4
irc://v9ek5enuakcltm5r22o8i13ww471,1,1
irc://zegrkq5uwkfcr1ifuroi5rnotgiikda3gof18gnjfelrxcyt7h9pv:5343  khunb dyohwbyl,0,3
irc://upbvujj 9xnvm8omnh q1 6m7 npi47u ijtaa,0,1
irc://wchujg1tr:29171/pnm983ktyyrnvk3a9a1ombeb,1,3
irc://wevf8szm97e8z186wi68if3ppaw9kr8v522l8yh531tz2x2lr7aqt1dv3y6wftba1rpotrq,1,1
irc://mk5b5a2stdmowcw28em2cg8ngz9poo3421ot6ra6r8arao3hkq579mfg25:2413/696u4fegh,1,3
irc: /2oz9jnjgg2hkby2m 7er:57172/mjf kos7dxemq1w?z41rdwd8yi 84ze4y 1cp648y5 5,0,4
irc://j4dzau2d4tllhqw5kbnis93uq85jyvyi5iy6wmbkj1tf9vrrnujg73krmbhsbq1ag8b,1,1
irc://f3,1,1
irc://1vfk8 n4ep lvrth,0,1
irc://bbkspvl6otce9kxeelievrpyftejedp1vlbmwfqfw8bhxbmgjz7u75hhg13ecfpsag,1,1
irc://ceedr94pjjy2kwp,1,1
irc://hnzic8qvzk9p3heo3rmtygz3r4yt1uscqrca1w7pc:19331/checg3,1,3
irc://aublij k2j4cut2ra52g73wai  8qxk v94tnhgevhlq6f:41840/ qd8,0,3
irc:// dwznmj h4l764zts8y,0,1
irc://uu67fico18d15eae77r4gj6w5agwmwi7ly9h2mowtbyurj2alaqk9gqbwti278jfhmfuarraec,1,1
irc://9qozvxfpwausvs4,1,1
irc://qore  clks17p4c:3 311/9p6mx5eem3sxm5wqrorgh9k9amlxx,0,3
